association_name,canonical,score,wup,bert,method,verb_tokens,prep_tokens,adverb_tokens,all_tokens,participants,occurrence_count,low_confidence
ABSModulatesCaliper,Causes,0.7821,1.0,0.5642,wup+bert,modulates,,,abs | modulates | caliper,ABSModule + BrakeCaliper,2,
AHUServesFloor,UsedFor,0.7066,1.0,0.4131,wup+bert,serves,,,ahu | serves | floor,AirHandlingUnit + Floor,2,
AcademicSystemAdministersCourse,CapableOf,0.7089,0.8571,0.5606,wup+bert,administers,,,academic | system | administers | course,AcademicSystem + Course,2,
AccessControlSystemSecuresZone,Connects,0.7122,1.0,0.4244,wup+bert,secures,,,access | control | system | secures | zone,AccessControlSystem + Zone,2,
ActuatorGroupChangesEnergyState,UsedFor,0.5774,0.6667,0.4882,wup+bert,changes,,,actuator | group | changes | energy | state,ActuatorGroup + EnergyState,2,
ActuatorGroupChangesEnvironmentalState,UsedFor,0.5774,0.6667,0.4882,wup+bert,changes,,,actuator | group | changes | environmental | state,ActuatorGroup + EnvironmentalState,2,
ActuatorGroupChangesOccupancyState,UsedFor,0.5774,0.6667,0.4882,wup+bert,changes,,,actuator | group | changes | occupancy | state,ActuatorGroup + OccupancyState,2,
ActuatorGroupChangesSecurityState,UsedFor,0.5774,0.6667,0.4882,wup+bert,changes,,,actuator | group | changes | security | state,ActuatorGroup + SecurityState,2,
AdmissionDecisionCreatesStudent,MadeOf,0.7881,1.0,0.5762,wup+bert,creates,,,admission | decision | creates | student,AdmissionDecision + Student,2,
AdmissionDischarge,Causes,0.5766,1.0,0.1531,wup+bert,,,,admission | discharge,Admission + Discharge,1,
AdmissionsSystemProcessesStudent,Causes,0.7534,1.0,0.5068,wup+bert,processes,,,admissions | system | processes | student,AdmissionsSystem + Student,2,
AdvisorAdvisesStudent,Causes,0.5467,0.8571,0.2363,wup+bert,advises,,,advisor | advises | student,Advisor + Student,2,
AdvisorIsFacultyOrStaff,HasPrerequisite,0.6204,1.0,0.2408,wup+bert,is,,,advisor | is | faculty | or | staff,Advisor + FacultyMember,2,
AdvisorProgram,CapableOf,0.6058,0.8571,0.3544,wup+bert,,,,advisor | program,AcademicAdvisor + AcademicProgram,1,
AeropressDispensesToCup,UsedFor,0.4788,0.75,0.2077,wup+bert,dispenses | cup,to,,aeropress | dispenses | to | cup,AeropressKit + CoffeeMug,2,YES
AirFilterToThrottleBody,UsedFor,0.3973,0.0,0.3973,wup+bert,,to,,air | filter | to | throttle | body,AirFilter + ThrottleBody,2,YES
AirHandlingTerminalConditionsStructuralBay,HasA,0.5142,0.6,0.4284,wup+bert,conditions,,,air | handling | terminal | conditions | structural | bay,AirHandlingTerminal + StructuralBay,2,
AirInductionFeedsCombustion,UsedFor,0.7558,1.0,0.5115,wup+bert,feeds,,,air | induction | feeds | combustion,AirInductionSystem + CombustionAssembly,2,
AirQualityControlsPurifier,CapableOf,0.7714,1.0,0.5429,wup+bert,controls,,,air | quality | controls | purifier,AirPurifier + AirQualitySensor,2,
AirQualitySensorInRoom,AtLocation,1.0,0.0,1.0,spatial_prep,,in,,air | quality | sensor | in | room,AirQualitySensor + Room,2,
AirlockOnFermenter,AtLocation,1.0,0.0,1.0,spatial_prep,,on,,airlock | on | fermenter,Airlock + Fermenter,2,
AlternatorChargesBattery,CapableOf,0.4321,0.5,0.3642,wup+bert,charges,,,alternator | charges | battery,Alternator + Battery,6,YES
AlternatorToEngineDriver,UsedFor,0.5177,0.0,0.5177,wup+bert,,to,,alternator | to | engine | driver,Alternator + Engine,2,
AnalyzerInLab,AtLocation,1.0,0.0,1.0,spatial_prep,,in,,analyzer | in | lab,ClinicalLaboratory + LabAnalyzer,2,
AnalyzerOnNetwork,AtLocation,1.0,0.0,1.0,spatial_prep,,on,,analyzer | on | network,HospitalNetwork + LabAnalyzer,2,
AnesthesiaMachineInOR,AtLocation,1.0,0.0,1.0,spatial_prep,,in,,anesthesia | machine | in | or,AnesthesiaMachine + OperatingRoom,2,
AnesthesiologistInOR,AtLocation,1.0,0.0,1.0,spatial_prep,,in,,anesthesiologist | in | or,Anesthesiologist + OperatingRoom,4,
ApplicantEvaluatedByAdmissionDecision,ReceivesAction,0.6714,1.0,0.3428,wup+bert,evaluated,by,,applicant | evaluated | by | admission | decision,AdmissionDecision + Applicant,2,
AssessmentProducesResult,Causes,0.7887,1.0,0.5774,wup+bert,produces,,,assessment | produces | result,Assessment + Result,2,
AthleticFacilityOnCampus,AtLocation,1.0,0.0,1.0,spatial_prep,,on,,athletic | facility | on | campus,AthleticFacility + OutdoorSpace,2,
AudioInClassroom,AtLocation,1.0,0.0,1.0,spatial_prep,,in,,audio | in | classroom,AudioSystem + Classroom,2,
AutoclaveInSterile,AtLocation,1.0,0.0,1.0,spatial_prep,,in,,autoclave | in | sterile,Autoclave + SterileProcessingArea,2,
AutomationControllerCoordinatesAccessControlSystem,CapableOf,0.6844,1.0,0.3689,wup+bert,coordinates,,,automation | controller | coordinates | access | control | system,AccessControlSystem + AutomationController,2,
AutomationControllerCoordinatesApplianceSystem,CapableOf,0.6844,1.0,0.3689,wup+bert,coordinates,,,automation | controller | coordinates | appliance | system,ApplianceSystem + AutomationController,2,
AutomationControllerCoordinatesClimateSystem,CapableOf,0.6844,1.0,0.3689,wup+bert,coordinates,,,automation | controller | coordinates | climate | system,AutomationController + ClimateSystem,2,
AutomationControllerCoordinatesEnergyManagementSystem,CapableOf,0.6844,1.0,0.3689,wup+bert,coordinates,,,automation | controller | coordinates | energy | management | system,AutomationController + EnergyManagementSystem,2,
AutomationControllerCoordinatesLightingSystem,CapableOf,0.6844,1.0,0.3689,wup+bert,coordinates,,,automation | controller | coordinates | lighting | system,AutomationController + LightingSystem,2,
AutomationControllerCoordinatesMediaSystem,CapableOf,0.6844,1.0,0.3689,wup+bert,coordinates,,,automation | controller | coordinates | media | system,AutomationController + MediaSystem,2,
AutomationControllerCoordinatesSecuritySystem,CapableOf,0.6844,1.0,0.3689,wup+bert,coordinates,,,automation | controller | coordinates | security | system,AutomationController + SecuritySystem,2,
AutomationControllerCoordinatesWaterManagementSystem,CapableOf,0.6844,1.0,0.3689,wup+bert,coordinates,,,automation | controller | coordinates | water | management | system,AutomationController + WaterManagementSystem,2,
AutomationPolicyEvaluatesSensedCondition,ReceivesAction,0.6518,1.0,0.3036,wup+bert,evaluates,,,automation | policy | evaluates | sensed | condition,AutomationPolicy + SensedCondition,2,
AutomationPolicyProducesDecision,Causes,0.7887,1.0,0.5774,wup+bert,produces,,,automation | policy | produces | decision,AutomationPolicy + Decision,2,
AutomobileComposedWithBodyFrame,MadeOf,0.6561,0.75,0.5622,wup+bert,composed,with,,automobile | composed | with | body | frame,Automobile + BodyFrame,2,
AutomobilePackagedWithEngineAssembly,MadeOf,0.3854,0.25,0.5207,wup+bert,packaged,with,,automobile | packaged | with | engine | assembly,Automobile + EngineAssembly,2,YES
AutomobilePackagedWithFrontCornerModule,MadeOf,0.3854,0.25,0.5207,wup+bert,packaged,with,,automobile | packaged | with | front | corner | module,Automobile + FrontCornerModule,2,YES
AutomobilePackagedWithRearCornerModule,MadeOf,0.3854,0.25,0.5207,wup+bert,packaged,with,,automobile | packaged | with | rear | corner | module,Automobile + RearCornerModule,2,YES
AxleAssemblyRotatesWheel,UsedFor,0.5965,0.8,0.3929,wup+bert,rotates,,,axle | assembly | rotates | wheel,AxleAssembly + Wheel,2,
AxleToWheelMount,UsedFor,0.42,0.0,0.42,wup+bert,,to,,axle | to | wheel | mount,Axle + Wheel,2,YES
BackupGeneratorSupportsDiagnosticCluster,UsedFor,0.6061,0.6667,0.5456,wup+bert,supports,,,backup | generator | supports | diagnostic | cluster,BackupGenerator + DiagnosticCluster,2,
BasketInPortafilter,AtLocation,1.0,0.0,1.0,spatial_prep,,in,,basket | in | portafilter,FilterBasket + Portafilter,2,
BatteryFeedsMeter,UsedFor,0.7558,1.0,0.5115,wup+bert,feeds,,,battery | feeds | meter,HomeBattery + SmartEnergyMeter,4,
BatteryPowersHome,UsedFor,0.7496,1.0,0.4993,wup+bert,powers,,,battery | powers | home,HomeBattery + SmartEnergyMeter,2,
BatteryPowersStarter,UsedFor,0.8222,1.0,0.6444,wup+bert,powers,,,battery | powers | starter,Battery + StarterMotor,4,
BatteryPowersStarterMotor,UsedFor,0.8222,1.0,0.6444,wup+bert,powers,,,battery | powers | starter | motor,Battery + StarterMotor,2,
BatteryStorageSuppliesHome,UsedFor,0.8066,1.0,0.6131,wup+bert,supplies,,,battery | storage | supplies | home,BatteryStorage + Home,2,
BatteryToStarterMotorPower,UsedFor,0.3775,0.0,0.3775,wup+bert,,to,,battery | to | starter | motor | power,Battery + StarterMotor,2,YES
BedInICUBay,AtLocation,1.0,0.0,1.0,spatial_prep,,in,,bed | in | icu | bay,ICUBay + PatientBed,2,
BedInPatientRoom,AtLocation,1.0,0.0,1.0,spatial_prep,,in,,bed | in | patient | room,PatientBed + PatientRoom,2,
BedsideMonitorOnNetwork,AtLocation,1.0,0.0,1.0,spatial_prep,,on,,bedside | monitor | on | network,BedsideMonitor + HospitalNetwork,2,
BeerLineConnectsKegToTap,Connects,0.8784,1.0,0.7569,wup+bert,connects,to,,beer | line | connects | keg | to | tap,BeerLine + BeerTap + Keg,2,
BlindFilterBackflushes,RelatedTo,0.1824,0.0,0.3647,fallback,,,,blind | filter | backflushes,BlindFilter + Portafilter,4,YES
BlindFilterInPortafilter,AtLocation,1.0,0.0,1.0,spatial_prep,,in,,blind | filter | in | portafilter,BlindFilter + Portafilter,2,
BlindsInRoom,AtLocation,1.0,0.0,1.0,spatial_prep,,in,,blinds | in | room,MotorizedBlinds + Room,2,
BlowoffOnFermenter,AtLocation,1.0,0.0,1.0,spatial_prep,,on,,blowoff | on | fermenter,BlowoffTube + Fermenter,2,
BodyFrameSupportsEngineBlock,UsedFor,0.6061,0.6667,0.5456,wup+bert,supports,,,body | frame | supports | engine | block,BodyFrame + EngineBlock,2,
BodyFrameSupportsSuspensionAssembly,UsedFor,0.6061,0.6667,0.5456,wup+bert,supports,,,body | frame | supports | suspension | assembly,BodyFrame + SuspensionAssembly,2,
BodyPanelOnChassis,AtLocation,1.0,0.0,1.0,spatial_prep,,on,,body | panel | on | chassis,BodyPanel + Chassis,2,
BodyPanelOnFrame,AtLocation,1.0,0.0,1.0,spatial_prep,,on,,body | panel | on | frame,BodyPanel + Frame,2,
BoilerFeedsPump,UsedFor,0.7558,1.0,0.5115,wup+bert,feeds,,,boiler | feeds | pump,Boiler + PumpAssembly,2,
BoilerFeedsSteam,UsedFor,0.7558,1.0,0.5115,wup+bert,feeds,,,boiler | feeds | steam,Boiler + SteamWand,2,
BoilerFeedsSteamWand,UsedFor,0.7558,1.0,0.5115,wup+bert,feeds,,,boiler | feeds | steam | wand,Boiler + SteamWand,2,
BoomInOR,AtLocation,1.0,0.0,1.0,spatial_prep,,in,,boom | in | or,OperatingRoom + SurgicalBoom,2,
BoosterAssistsMasterCylinder,UsedFor,0.4173,0.3333,0.5012,wup+bert,assists,,,booster | assists | master | cylinder,BrakeBooster + BrakeMasterCylinder,2,YES
BottleWasherCleansBottle,CapableOf,0.5257,0.6,0.4514,wup+bert,cleans,,,bottle | washer | cleans | bottle,Bottle + BottleWasher,2,
BrakeAssemblyActsOnWheel,CapableOf,0.7492,1.0,0.4984,wup+bert,acts,on,,brake | assembly | acts | on | wheel,BrakeAssembly + Wheel,2,
BrakeCaliperActsOnTireWheelUnit,CapableOf,0.7492,1.0,0.4984,wup+bert,acts,on,,brake | caliper | acts | on | tire | wheel | unit,BrakeCaliper + TireWheelUnit,2,
BrakeDiscToWheelMount,UsedFor,0.42,0.0,0.42,wup+bert,,to,,brake | disc | to | wheel | mount,BrakeDisc + Wheel,2,YES
BrakingActsOnWheelAssembly,CapableOf,0.7492,1.0,0.4984,wup+bert,acts,on,,braking | acts | on | wheel | assembly,BrakingHardware + WheelAssembly,2,
BrewAreaAdjacentToSeatingArea,AtLocation,0.5092,0.5,0.5185,wup+bert,,to,,brew | area | adjacent | to | seating | area,BrewArea + SeatingArea,2,
BrewAreaContainsCounterSurface,PartOf,0.7976,1.0,0.5952,wup+bert,contains,,,brew | area | contains | counter | surface,BrewArea + CounterSurface,2,
BrewBasketSitsInDripMachine,MadeOf,0.4758,0.75,0.2016,wup+bert,sits,in,,brew | basket | sits | in | drip | machine,BrewBasket + DripBrewMachine,2,YES
BrewStandSupportsBurner,UsedFor,0.6061,0.6667,0.5456,wup+bert,supports,,,brew | stand | supports | burner,BrewStand + Burner,2,
BrewStandSupportsKettle,UsedFor,0.6061,0.6667,0.5456,wup+bert,supports,,,brew | stand | supports | kettle,BrewStand + Kettle,2,
BrewingStationContainsBoilKettle,PartOf,0.7976,1.0,0.5952,wup+bert,contains,,,brewing | station | contains | boil | kettle,BoilKettle + BrewingStation,2,
BrewingStationContainsFermenter,PartOf,0.7976,1.0,0.5952,wup+bert,contains,,,brewing | station | contains | fermenter,BrewingStation + Fermenter,2,
BrewingStationContainsHeatingEquipment,PartOf,0.7976,1.0,0.5952,wup+bert,contains,,,brewing | station | contains | heating | equipment,BrewingStation + HeatingEquipment,2,
BrewingStationContainsMashTun,PartOf,0.7976,1.0,0.5952,wup+bert,contains,,,brewing | station | contains | mash | tun,BrewingStation + MashTun,2,
BrewingStationContainsMeasurementTool,PartOf,0.7976,1.0,0.5952,wup+bert,contains,,,brewing | station | contains | measurement | tool,BrewingStation + MeasurementTool,2,
BrewingStationContainsPackagingContainer,PartOf,0.7976,1.0,0.5952,wup+bert,contains,,,brewing | station | contains | packaging | container,BrewingStation + PackagingContainer,2,
BrewingStationContainsSanitationSupply,PartOf,0.7976,1.0,0.5952,wup+bert,contains,,,brewing | station | contains | sanitation | supply,BrewingStation + SanitationSupply,2,
BrewingStationContainsTransferTool,PartOf,0.7976,1.0,0.5952,wup+bert,contains,,,brewing | station | contains | transfer | tool,BrewingStation + TransferTool,2,
BrewingStationStoresAdjunct,ReceivesAction,0.385,0.5714,0.1985,wup+bert,stores,,,brewing | station | stores | adjunct,Adjunct + BrewingStation,2,YES
BrewingStationStoresHop,ReceivesAction,0.385,0.5714,0.1985,wup+bert,stores,,,brewing | station | stores | hop,BrewingStation + Hop,2,YES
BrewingStationStoresMaltedGrain,ReceivesAction,0.385,0.5714,0.1985,wup+bert,stores,,,brewing | station | stores | malted | grain,BrewingStation + MaltedGrain,2,YES
BrewingStationStoresWater,ReceivesAction,0.385,0.5714,0.1985,wup+bert,stores,,,brewing | station | stores | water,BrewingStation + Water,2,YES
BrewingStationStoresYeast,ReceivesAction,0.385,0.5714,0.1985,wup+bert,stores,,,brewing | station | stores | yeast,BrewingStation + Yeast,2,YES
BridgeConnectsProtocols,Connects,0.7368,1.0,0.4737,wup+bert,connects,,,bridge | connects | protocols,ProtocolBridge + SmartHomeHub,2,
BrushCleansGroupHead,CapableOf,0.5257,0.6,0.4514,wup+bert,cleans,,,brush | cleans | group | head,GroupHead + GroupHeadBrush,2,
BuildingContainsDiningUnit,PartOf,0.7976,1.0,0.5952,wup+bert,contains,,,building | contains | dining | unit,Building + DiningUnit,2,
BuildingContainsFloor,PartOf,0.7976,1.0,0.5952,wup+bert,contains,,,building | contains | floor,Building + Floor,2,
BuildingContainsHousingUnit,PartOf,0.7976,1.0,0.5952,wup+bert,contains,,,building | contains | housing | unit,Building + HousingUnit,2,
BuildingContainsRoom,PartOf,0.7976,1.0,0.5952,wup+bert,contains,,,building | contains | room,Building + Room,2,
BulbInRoom,AtLocation,1.0,0.0,1.0,spatial_prep,,in,,bulb | in | room,Room + SmartBulb,2,
BurnerHeatsKettle,UsedFor,0.6689,0.8571,0.4807,wup+bert,heats,,,burner | heats | kettle,Burner + Kettle,2,
BurnerUnderKettle,AtLocation,1.0,0.0,1.0,spatial_prep,,under,,burner | under | kettle,BrewKettle + PropaneBurner,2,
BurrInGrinder,AtLocation,1.0,0.0,1.0,spatial_prep,,in,,burr | in | grinder,BurrSet + CoffeeGrinder,2,
CO2TankToRegulator,CapableOf,0.5281,0.0,0.5281,wup+bert,,to,,co | tank | to | regulator,CO2Regulator + CO2Tank,6,
CODetectorInRoom,AtLocation,1.0,0.0,1.0,spatial_prep,,in,,co | detector | in | room,CODetector + Room,2,
CTInSuite,AtLocation,1.0,0.0,1.0,spatial_prep,,in,,ct | in | suite,CTScanner + ImagingSuite,2,
CVJointOnHalfShaft,AtLocation,1.0,0.0,1.0,spatial_prep,,on,,cv | joint | on | half | shaft,CVJoint + HalfShaft,2,
CafeInBuilding,AtLocation,1.0,0.0,1.0,spatial_prep,,in,,cafe | in | building,Building + Cafe,2,
CaliperClampsPadToRotor,Connects,0.6118,0.75,0.4736,wup+bert,clamps,to,,caliper | clamps | pad | to | rotor,BrakeCaliper + BrakePad + BrakeRotor,2,
CaliperToPadToDiscClamping,UsedFor,0.3895,0.0,0.3895,wup+bert,,to | to,,caliper | to | pad | to | disc | clamping,BrakeCaliper + BrakeDisc + BrakePad,2,YES
CameraCoversRoom,Causes,0.6348,0.9333,0.3363,wup+bert,covers,,,camera | covers | room,Room + SecurityCamera,2,
CameraMonitorsOutdoor,ReceivesAction,0.6774,1.0,0.3549,wup+bert,monitors,,,camera | monitors | outdoor,OutdoorArea + SecurityCamera,2,
CameraMonitorsRoom,ReceivesAction,0.6774,1.0,0.3549,wup+bert,monitors,,,camera | monitors | room,Camera + Room; Room + SecurityCamera,6,
CameraRecordsToNAS,ReceivesAction,0.6982,1.0,0.3963,wup+bert,records,to,,camera | records | to | nas,NASDevice + SecurityCamera,4,
CampusContainsBuilding,PartOf,0.7976,1.0,0.5952,wup+bert,contains,,,campus | contains | building,Building + Campus,2,
CamshaftActuatesValve,Causes,0.7409,1.0,0.4818,wup+bert,actuates,,,camshaft | actuates | valve,Camshaft + Valve,2,
CamshaftOperatesValveTrain,UsedFor,0.8085,1.0,0.6169,wup+bert,operates,,,camshaft | operates | valve | train,Camshaft + ValveTrain,2,
CanisterFeedsHopper,UsedFor,0.7558,1.0,0.5115,wup+bert,feeds,,,canister | feeds | hopper,BeanCanister + GrinderHopper,6,
CapperSealsBottle,Connects,0.583,0.8333,0.3326,wup+bert,seals,,,capper | seals | bottle,Bottle + BottleCap + BottleCapper,6,
CapperUsedWithBottleSet,Connects,0.4969,0.5,0.4938,wup+bert,used,with,,capper | used | with | bottle | set,BottleSet + Capper,2,YES
CarafePoursToCup,UsedFor,0.5886,0.8571,0.3201,wup+bert,pours | cup,to,,carafe | pours | to | cup,Carafe + CoffeeMug,6,
CarbonationCapOnBottle,AtLocation,1.0,0.0,1.0,spatial_prep,,on,,carbonation | cap | on | bottle,Bottle + CarbonationCap,2,
CarbonationStoneInKeg,AtLocation,1.0,0.0,1.0,spatial_prep,,in,,carbonation | stone | in | keg,CarbonationStone + Keg,6,
CareTeamNursingTask,CapableOf,0.6271,1.0,0.2542,wup+bert,,,,care | team | nursing | task,CareTeam + NursingTask,1,
CareTeamRound,CapableOf,0.6488,1.0,0.2976,wup+bert,,,,care | team | round,CareTeam + PatientRound,1,
CareerServicesFinancialAid,UsedFor,0.5642,1.0,0.1284,wup+bert,services,,,career | services | financial | aid,CareerServices + FinancialAidOffice,1,
CenterIncubator,MadeOf,0.5151,0.8235,0.2066,wup+bert,,,,center | incubator,Incubator + ResearchCenter,1,
CenterLab,AtLocation,0.6001,0.875,0.3252,wup+bert,,,,center | lab,ResearchCenter + ResearchLab,1,
CenterProject,Causes,0.5008,0.6667,0.335,wup+bert,,,,center | project,ResearchCenter + ResearchProject,1,
CenterResearchLab,AtLocation,0.5708,0.875,0.2667,wup+bert,,,,center | research | lab,ResearchCenter + ResearchLab,1,
CentralSupplyAreaSupportsPatientBay,UsedFor,0.6061,0.6667,0.5456,wup+bert,supports,,,central | supply | area | supports | patient | bay,CentralSupplyArea + PatientBay,2,
CentralSupplyAreaSupportsProcedureSuite,UsedFor,0.6061,0.6667,0.5456,wup+bert,supports,,,central | supply | area | supports | procedure | suite,CentralSupplyArea + ProcedureSuite,2,
CentrifugeInLab,AtLocation,1.0,0.0,1.0,spatial_prep,,in,,centrifuge | in | lab,Centrifuge + ClinicalLaboratory,2,
ChassisSupportsControlArm,UsedFor,0.6061,0.6667,0.5456,wup+bert,supports,,,chassis | supports | control | arm,Chassis + ControlArm,2,
ChassisSupportsEngineMount,UsedFor,0.6061,0.6667,0.5456,wup+bert,supports,,,chassis | supports | engine | mount,Chassis + EngineMount,2,
ChillerAdjacentToBoilVesselAndFermentationVessel,AtLocation,0.5092,0.5,0.5185,wup+bert,,to,,chiller | adjacent | to | boil | vessel | and | fermentation | vessel,BoilVessel + Chiller + FermentationVessel,2,
ChillerInKettle,AtLocation,1.0,0.0,1.0,spatial_prep,,in,,chiller | in | kettle,BrewKettle + WortChiller,2,
ChillerToFermenter,Causes,0.399,0.0,0.399,wup+bert,,to,,chiller | to | fermenter,Fermenter + WortChiller,4,YES
CircuitBreakerPanelPowersImagingMachine,UsedFor,0.8222,1.0,0.6444,wup+bert,powers,,,circuit | breaker | panel | powers | imaging | machine,CircuitBreakerPanel + ImagingMachine,2,
CircuitBreakerPanelPowersSurgicalLight,UsedFor,0.8222,1.0,0.6444,wup+bert,powers,,,circuit | breaker | panel | powers | surgical | light,CircuitBreakerPanel + SurgicalLight,2,
ClassroomInRoom,AtLocation,1.0,0.0,1.0,spatial_prep,,in,,classroom | in | room,Classroom + Room,2,
ClimateSystemConditionsZone,HasA,0.5142,0.6,0.4284,wup+bert,conditions,,,climate | system | conditions | zone,ClimateSystem + Zone,2,
ClinicInBuilding,AtLocation,1.0,0.0,1.0,spatial_prep,,in,,clinic | in | building,Building + OutpatientClinic,2,
CoffeeEnvironmentContainsWorkspace,PartOf,0.7976,1.0,0.5952,wup+bert,contains,,,coffee | environment | contains | workspace,CoffeeEnvironment + Workspace,2,
CoffeeMakerContainsBrewBasket,PartOf,0.7976,1.0,0.5952,wup+bert,contains,,,coffee | maker | contains | brew | basket,BrewBasket + CoffeeMaker,2,
CoffeeMakerContainsHeatingElement,PartOf,0.7976,1.0,0.5952,wup+bert,contains,,,coffee | maker | contains | heating | element,CoffeeMaker + HeatingElement,2,
CoffeeMakerContainsReservoir,PartOf,0.7976,1.0,0.5952,wup+bert,contains,,,coffee | maker | contains | reservoir,CoffeeMaker + Reservoir,2,
CoffeeMakerContainsWarmingPlate,PartOf,0.7976,1.0,0.5952,wup+bert,contains,,,coffee | maker | contains | warming | plate,CoffeeMaker + WarmingPlate,2,
CoffeeSettingContainsPreparationZone,PartOf,0.7976,1.0,0.5952,wup+bert,contains,,,coffee | setting | contains | preparation | zone,CoffeeSetting + PreparationZone,2,
CoffeeSettingIncludesAmbientRole,HasA,0.8471,1.0,0.6943,wup+bert,includes,,,coffee | setting | includes | ambient | role,AmbientRole + CoffeeSetting,2,
CoffeeSettingIncludesSeatingRole,HasA,0.8471,1.0,0.6943,wup+bert,includes,,,coffee | setting | includes | seating | role,CoffeeSetting + SeatingRole,2,
CoffeeSettingIncludesServiceRole,HasA,0.8471,1.0,0.6943,wup+bert,includes,,,coffee | setting | includes | service | role,CoffeeSetting + ServiceRole,2,
CoffeeStationContainsBrewAccessorySet,PartOf,0.7976,1.0,0.5952,wup+bert,contains,,,coffee | station | contains | brew | accessory | set,BrewAccessorySet + CoffeeStation,2,
CoffeeStationContainsCoffeeMakerAssembly,PartOf,0.7976,1.0,0.5952,wup+bert,contains,,,coffee | station | contains | coffee | maker | assembly,CoffeeMakerAssembly + CoffeeStation,2,
ColdSideClusterContainsAirlock,PartOf,0.7976,1.0,0.5952,wup+bert,contains,,,cold | side | cluster | contains | airlock,Airlock + ColdSideCluster,2,
ColdSideClusterContainsChiller,PartOf,0.7976,1.0,0.5952,wup+bert,contains,,,cold | side | cluster | contains | chiller,Chiller + ColdSideCluster,2,
ColdSideClusterContainsFermentationVessel,PartOf,0.7976,1.0,0.5952,wup+bert,contains,,,cold | side | cluster | contains | fermentation | vessel,ColdSideCluster + FermentationVessel,2,
CollegeContainsDepartment,PartOf,0.7976,1.0,0.5952,wup+bert,contains,,,college | contains | department,College + Department,2,
CollegeInUniversity,AtLocation,1.0,0.0,1.0,spatial_prep,,in,,college | in | university,College + University,2,
CommandTargetsActuatorGroup,CapableOf,0.7371,1.0,0.4743,wup+bert,targets,,,command | targets | actuator | group,ActuatorGroup + Command,2,
ComputerLabInBuilding,AtLocation,1.0,0.0,1.0,spatial_prep,,in,,computer | lab | in | building,Building + ComputerLab,2,
ComputingLabInRoom,AtLocation,1.0,0.0,1.0,spatial_prep,,in,,computing | lab | in | room,ComputingLab + Room,2,
ConsumerRoleUsesServingVesselRole,HasPrerequisite,0.5265,0.5,0.5531,wup+bert,uses,,,consumer | role | uses | serving | vessel | role,ConsumerRole + ServingVesselRole,2,
ConsumerUsesCup,HasPrerequisite,0.5265,0.5,0.5531,wup+bert,uses,,,consumer | uses | cup,Consumer + Cup,4,
ConsumptionContextAccommodatesConsumer,UsedFor,0.683,0.8571,0.5088,wup+bert,accommodates,,,consumption | context | accommodates | consumer,Consumer + ConsumptionContext,2,
ContactSensorOnOpening,HasA,0.5532,0.75,0.3565,wup+bert,,on,,contact | sensor | on | opening,DoorWindowSensor + Room,6,
ControlArmSupportsHubAssembly,UsedFor,0.6061,0.6667,0.5456,wup+bert,supports,,,control | arm | supports | hub | assembly,ControlArm + HubAssembly,2,
ControllerRegulatesChamber,CapableOf,0.7854,1.0,0.5708,wup+bert,regulates,,,controller | regulates | chamber,FermentationChamber + FermentationTemperatureController; FermentationChamber + TemperatureController,6,
CoolingCircuitServicesEngine,UsedFor,0.6851,1.0,0.3702,wup+bert,services,,,cooling | circuit | services | engine,CombustionAssembly + CoolingCircuit,2,
CoolingFanAidsRadiator,MadeOf,0.4526,0.6667,0.2386,wup+bert,aids,,,cooling | fan | aids | radiator,CoolingFan + Radiator,2,YES
CoolingSystemToEngineInterface,UsedFor,0.5177,0.0,0.5177,wup+bert,,to,,cooling | system | to | engine | interface,CoolingSystem + Engine,2,
CounterSurfaceSupportsAdditiveContainer,UsedFor,0.6061,0.6667,0.5456,wup+bert,supports,,,counter | surface | supports | additive | container,AdditiveContainer + CounterSurface,2,
CounterSurfaceSupportsCoffeeMaker,UsedFor,0.6061,0.6667,0.5456,wup+bert,supports,,,counter | surface | supports | coffee | maker,CoffeeMaker + CounterSurface,2,
CounterSurfaceSupportsCup,UsedFor,0.6061,0.6667,0.5456,wup+bert,supports,,,counter | surface | supports | cup,CounterSurface + Cup,2,
CounterSurfaceSupportsGrinder,UsedFor,0.6061,0.6667,0.5456,wup+bert,supports,,,counter | surface | supports | grinder,CounterSurface + Grinder,2,
CounterSurfaceSupportsStorageCanister,UsedFor,0.6061,0.6667,0.5456,wup+bert,supports,,,counter | surface | supports | storage | canister,CounterSurface + StorageCanister,2,
CouplerOnKeg,AtLocation,1.0,0.0,1.0,spatial_prep,,on,,coupler | on | keg,Keg + KegCoupler,2,
CourseCatalogEntryScheduledAsCourseSection,CapableOf,0.7693,1.0,0.5385,wup+bert,scheduled,as,,course | catalog | entry | scheduled | as | course | section,CourseCatalogEntry + CourseSection,2,
CourseInDepartment,AtLocation,1.0,0.0,1.0,spatial_prep,,in,,course | in | department,Course + Department,2,
CourseInProgram,AtLocation,1.0,0.0,1.0,spatial_prep,,in,,course | in | program,AcademicProgram + Course,6,
CourseOutcome,Causes,0.7186,1.0,0.4373,wup+bert,,,,course | outcome,Course + LearningOutcome,1,
CoursePrerequisite,HasPrerequisite,0.6372,1.0,0.2743,wup+bert,,,,course | prerequisite,Course + Course; Course + Prerequisite,7,
CourseSectionEnrollment,PartOf,0.5404,0.8,0.2807,wup+bert,,,,course | section | enrollment,CourseSection + Enrollment,1,
CourseSectionGeneratesLearningActivity,Causes,0.6854,0.8,0.5707,wup+bert,generates,,,course | section | generates | learning | activity,CourseSection + LearningActivity,2,
CoveringsControlledByLightSensor,CapableOf,0.6455,1.0,0.291,wup+bert,controlled,by,,coverings | controlled | by | light | sensor,AmbientLightSensor + SmartWindowCovering,2,
CrankshaftCoupledToCamshaft,Connects,0.7957,1.0,0.5914,wup+bert,coupled,to,,crankshaft | coupled | to | camshaft,Camshaft + Crankshaft,2,
CrankshaftDrivesTransmission,UsedFor,0.8104,1.0,0.6208,wup+bert,drives,,,crankshaft | drives | transmission,Crankshaft + Transmission,2,
CrankshaftToFlywheel,UsedFor,0.377,0.0,0.377,wup+bert,,to,,crankshaft | to | flywheel,Crankshaft + Flywheel,2,YES
CrashCartOnFloor,AtLocation,1.0,0.0,1.0,spatial_prep,,on,,crash | cart | on | floor,CrashCart + Floor,2,
CupOnCupWarmer,AtLocation,1.0,0.0,1.0,spatial_prep,,on,,cup | on | cup | warmer,CupWarmer + EspressoCup,2,
CupOnSaucer,AtLocation,1.0,0.0,1.0,spatial_prep,,on,,cup | on | saucer,EspressoCup + Saucer,6,
CurriculumCoreCourse,ReceivesAction,0.4736,0.8571,0.09,wup+bert,,,,curriculum | core | course,CoreCourse + Curriculum,1,YES
CurriculumElective,MadeOf,0.5079,0.8333,0.1824,wup+bert,,,,curriculum | elective,Curriculum + Elective,1,
CylinderExhaustsToManifold,Causes,0.4527,0.5,0.4055,wup+bert,exhausts,to,,cylinder | exhausts | to | manifold,Cylinder + ExhaustManifold,2,YES
CylinderInBlock,AtLocation,1.0,0.0,1.0,spatial_prep,,in,,cylinder | in | block,Cylinder + EngineBlock,2,
DataCenterInBuilding,AtLocation,1.0,0.0,1.0,spatial_prep,,in,,data | center | in | building,Building + DataCenter,4,
DecisionGeneratesCommand,Causes,0.6854,0.8,0.5707,wup+bert,generates,,,decision | generates | command,Command + Decision,2,
DecisionTriggersNotification,Causes,0.8278,1.0,0.6557,wup+bert,triggers,,,decision | triggers | notification,Decision + Notification,2,
DefibrillatorInArea,AtLocation,1.0,0.0,1.0,spatial_prep,,in,,defibrillator | in | area,Defibrillator + EmergencyBay,2,
DepartmentAdministersProgram,CapableOf,0.7089,0.8571,0.5606,wup+bert,administers,,,department | administers | program,Department + Program,2,
DepartmentInBuilding,AtLocation,1.0,0.0,1.0,spatial_prep,,in,,department | in | building,Building + Department,2,
DepartmentInCollege,AtLocation,1.0,0.0,1.0,spatial_prep,,in,,department | in | college,College + Department,2,
DepartmentOffersCourse,UsedFor,0.6096,0.8571,0.3621,wup+bert,offers,,,department | offers | course,Course + Department,2,
DescalingCleansBoiler,CapableOf,0.5257,0.6,0.4514,wup+bert,cleans,,,descaling | cleans | boiler,Boiler + DescalingSolution,2,
DeviceConnectedToHub,Connects,0.7552,1.0,0.5104,wup+bert,connected,to,,device | connected | to | hub,SmartBulb + SmartHomeHub; SmartHomeHub + SmartLightFixture,4,
DeviceInRoom,UsedFor,0.7062,0.875,0.5374,wup+bert,,in,,device | in | room,Room + SmartBulb,2,
DeviceOnHub,Connects,0.6023,0.7778,0.4268,wup+bert,,on,,device | on | hub,SmartBulb + SmartHomeHub,2,
DeviceOnNetwork,Connects,0.5418,0.7778,0.3057,wup+bert,,on,,device | on | network,SmartBulb + SmartRouter,2,
DiagnosisTreatment,Causes,0.4715,0.7273,0.2157,wup+bert,,,,diagnosis | treatment,Diagnosis + Treatment,1,YES
DiagnosticClusterContainsImagingSuite,PartOf,0.7976,1.0,0.5952,wup+bert,contains,,,diagnostic | cluster | contains | imaging | suite,DiagnosticCluster + ImagingSuite,2,
DiagnosticTestLabOrder,CapableOf,0.5449,1.0,0.0898,wup+bert,,,,diagnostic | test | lab | order,DiagnosticTest + LabOrder,1,
DietaryServesUnit,UsedFor,0.7834,1.0,0.5668,wup+bert,serves,,,dietary | serves | unit,DietaryService + NursingUnit,2,
DiffOutputToHalfShaft,RelatedTo,0.2884,0.4,0.1769,fallback,,to,,diff | output | to | half | shaft,Differential + HalfShaft,2,YES
DifferentialConnectedToAxleAssembly,Connects,0.8664,1.0,0.7328,wup+bert,connected,to,,differential | connected | to | axle | assembly,AxleAssembly + Differential,2,
DifferentialDrivesHubAssembly,UsedFor,0.8104,1.0,0.6208,wup+bert,drives,,,differential | drives | hub | assembly,Differential + HubAssembly,2,
DifferentialToAxleLink,UsedFor,0.3959,0.0,0.3959,wup+bert,,to,,differential | to | axle | link,Axle + Differential,2,YES
DifferentialToHalfShafts,CapableOf,0.3698,0.0,0.3698,wup+bert,,to,,differential | to | half | shafts,Differential + HalfShaft,2,YES
DimmerControlsBulb,CapableOf,0.7714,1.0,0.5429,wup+bert,controls,,,dimmer | controls | bulb,DimmerSwitch + SmartBulb,4,
DimmerControlsFixture,CapableOf,0.7714,1.0,0.5429,wup+bert,controls,,,dimmer | controls | fixture,DimmerSwitch + SmartLightFixture,2,
DimmerControlsStrip,CapableOf,0.7714,1.0,0.5429,wup+bert,controls,,,dimmer | controls | strip,DimmerSwitch + LEDLightStrip,2,
DiningHallInBuilding,AtLocation,1.0,0.0,1.0,spatial_prep,,in,,dining | hall | in | building,Building + DiningHall,2,
DiningInBuilding,AtLocation,1.0,0.0,1.0,spatial_prep,,in,,dining | in | building,Building + DiningHall,2,
DiningUnitServesPerson,UsedFor,0.7834,1.0,0.5668,wup+bert,serves,,,dining | unit | serves | person,DiningUnit + Person,2,
DispenserInMedRoom,AtLocation,1.0,0.0,1.0,spatial_prep,,in,,dispenser | in | med | room,AutomatedMedicationDispenser + MedicationRoom,2,
DispenserInPharmacy,AtLocation,1.0,0.0,1.0,spatial_prep,,in,,dispenser | in | pharmacy,AutomatedMedicationDispenser + PharmacySpace,2,
DistributorLevelsBasket,CapableOf,0.6161,0.8,0.4321,wup+bert,levels,,,distributor | levels | basket,Distributor + FilterBasket,2,
DocCameraInClassroom,Causes,0.6523,0.875,0.4297,wup+bert,,in,,doc | camera | in | classroom,Classroom + DocumentCamera,2,
DoorLockObservedByContactSensor,ReceivesAction,0.8241,1.0,0.6483,wup+bert,observed,by,,door | lock | observed | by | contact | sensor,ContactSensor + DoorLock,2,
DoorLockOnDoor,AtLocation,1.0,0.0,1.0,spatial_prep,,on,,door | lock | on | door,Room + SmartDoorLock,2,
DoorOnFrame,AtLocation,1.0,0.0,1.0,spatial_prep,,on,,door | on | frame,Door + Frame,2,
DormDining,MadeOf,0.4955,0.7143,0.2766,wup+bert,,,,dorm | dining,DiningHall + Dormitory,1,YES
DormHealthCenter,MadeOf,0.4955,0.7143,0.2766,wup+bert,,,,dorm | health | center,Dormitory + HealthCenter,1,YES
DormRoomInHall,AtLocation,1.0,0.0,1.0,spatial_prep,,in,,dorm | room | in | hall,DormRoom + ResidenceHall,2,
DormTransportation,MadeOf,0.4955,0.7143,0.2766,wup+bert,,,,dorm | transportation,Dormitory + TransportationService,1,YES
DosingCupOnPortafilter,AtLocation,1.0,0.0,1.0,spatial_prep,,on,,dosing | cup | on | portafilter,DosingCup + Portafilter,2,
DripTrayUnderTap,AtLocation,1.0,0.0,1.0,spatial_prep,,under,,drip | tray | under | tap,BeerTap + DripTray,2,
DripperOnServer,AtLocation,1.0,0.0,1.0,spatial_prep,,on,,dripper | on | server,CoffeeServer + PourOverDripper,6,
DriveshaftDrivesDifferential,UsedFor,0.8104,1.0,0.6208,wup+bert,drives,,,driveshaft | drives | differential,Differential + Driveshaft,2,
DriveshaftToDifferential,CapableOf,0.3203,0.0,0.3203,wup+bert,,to,,driveshaft | to | differential,Differential + Driveshaft,2,YES
DriveshaftToDifferentialLink,CapableOf,0.3203,0.0,0.3203,wup+bert,,to,,driveshaft | to | differential | link,Differential + Driveshaft,2,YES
DryHopBasketInFermenter,AtLocation,1.0,0.0,1.0,spatial_prep,,in,,dry | hop | basket | in | fermenter,DryHopBasket + Fermenter,2,
ECUControlsFuelDelivery,CapableOf,0.7714,1.0,0.5429,wup+bert,controls,,,ecu | controls | fuel | delivery,ECU + FuelDeliverySystem,2,
ECUControlsIgnition,CapableOf,0.7714,1.0,0.5429,wup+bert,controls,,,ecu | controls | ignition,ECU + IgnitionSystem,2,
ECUControlsSensor,CapableOf,0.7714,1.0,0.5429,wup+bert,controls,,,ecu | controls | sensor,ECU + Sensor,2,
ECUMonitorsSensor,ReceivesAction,0.6774,1.0,0.3549,wup+bert,monitors,,,ecu | monitors | sensor,ECU + Sensor,2,
EHRRunsOnServer,UsedFor,0.7465,1.0,0.4931,wup+bert,runs,on,,ehr | runs | on | server,EHRSystem + Server,4,
EVChargerOnCircuit,AtLocation,1.0,0.0,1.0,spatial_prep,,on,,ev | charger | on | circuit,EVCharger + SmartCircuitBreaker,2,
ElectricMeterMeasuresHome,ReceivesAction,0.7217,1.0,0.4435,wup+bert,measures,,,electric | meter | measures | home,ElectricMeter + Home,2,
ElectricalOutletPowersCoffeeMaker,UsedFor,0.8222,1.0,0.6444,wup+bert,powers,,,electrical | outlet | powers | coffee | maker,CoffeeMaker + ElectricalOutlet,2,
ElectricalPowerAssemblySupportsIgnitionAssembly,UsedFor,0.6061,0.6667,0.5456,wup+bert,supports,,,electrical | power | assembly | supports | ignition | assembly,ElectricalPowerAssembly + IgnitionAssembly,2,
ElectrosurgicalUnitInOR,AtLocation,1.0,0.0,1.0,spatial_prep,,in,,electrosurgical | unit | in | or,ElectrosurgicalUnit + OperatingRoom,2,
ElevatorBankConnectsInpatientClusterAndProceduralCluster,Connects,0.8834,1.0,0.7668,wup+bert,connects,,,elevator | bank | connects | inpatient | cluster | and | procedural | cluster,ElevatorBank + InpatientCluster + ProceduralCluster,2,
ElevatorInBuilding,AtLocation,1.0,0.0,1.0,spatial_prep,,in,,elevator | in | building,Building + Elevator,2,
EmergencyOnFloor,AtLocation,1.0,0.0,1.0,spatial_prep,,on,,emergency | on | floor,EmergencyServicesLayer + Floor,2,
EmergencyPowerBacksUpICU,HasA,0.4184,0.6667,0.1701,wup+bert,backs,up,,emergency | power | backs | up | icu,EmergencyPowerSystem + IntensiveCareUnit,2,YES
EmergencyPowerBacksUpOR,HasA,0.4767,0.6667,0.2868,wup+bert,backs,up,,emergency | power | backs | up | or,EmergencyPowerSystem + OperatingRoom,2,YES
EmergencyPowerServesDataCenter,UsedFor,0.7834,1.0,0.5668,wup+bert,serves,,,emergency | power | serves | data | center,DataCenter + EmergencyPowerSystem,2,
EmergencyPowerServesICU,UsedFor,0.6889,1.0,0.3777,wup+bert,serves | icu,,,emergency | power | serves | icu,EmergencyPowerSystem + IntensiveCareUnit,2,
EmergencyPowerServesOR,UsedFor,0.7641,1.0,0.5283,wup+bert,serves,,,emergency | power | serves | or,EmergencyPowerSystem + OperatingRoom,2,
EncounterDiagnosis,HasPrerequisite,0.5774,1.0,0.1548,wup+bert,,,,encounter | diagnosis,ClinicalEncounter + Diagnosis,1,
EncounterImagingStudy,CapableOf,0.3466,0.5714,0.1219,wup+bert,imaging,,,encounter | imaging | study,ClinicalEncounter + ImagingStudy,1,YES
EncounterLabResult,Causes,0.6266,1.0,0.2532,wup+bert,,,,encounter | lab | result,ClinicalEncounter + LabResult,1,
EncounterVitalSigns,ReceivesAction,0.4704,0.6667,0.2742,wup+bert,signs,,,encounter | vital | signs,ClinicalEncounter + VitalSigns,1,YES
EngineAdjacentToRadiator,AtLocation,0.5092,0.5,0.5185,wup+bert,,to,,engine | adjacent | to | radiator,Engine + Radiator,2,
EngineAssemblyAdjacentToAirIntakeAssembly,AtLocation,0.5092,0.5,0.5185,wup+bert,,to,,engine | assembly | adjacent | to | air | intake | assembly,AirIntakeAssembly + EngineAssembly,2,
EngineAssemblyAdjacentToCoolingAssembly,AtLocation,0.5092,0.5,0.5185,wup+bert,,to,,engine | assembly | adjacent | to | cooling | assembly,CoolingAssembly + EngineAssembly,2,
EngineAssemblyAdjacentToExhaustAssembly,AtLocation,0.5092,0.5,0.5185,wup+bert,,to,,engine | assembly | adjacent | to | exhaust | assembly,EngineAssembly + ExhaustAssembly,2,
EngineAssemblyAdjacentToFuelDeliveryAssembly,AtLocation,0.5092,0.5,0.5185,wup+bert,,to,,engine | assembly | adjacent | to | fuel | delivery | assembly,EngineAssembly + FuelDeliveryAssembly,2,
EngineAssemblyAdjacentToIgnitionAssembly,AtLocation,0.5092,0.5,0.5185,wup+bert,,to,,engine | assembly | adjacent | to | ignition | assembly,EngineAssembly + IgnitionAssembly,2,
EngineAssemblyCoupledToTransmissionAssembly,Connects,0.7957,1.0,0.5914,wup+bert,coupled,to,,engine | assembly | coupled | to | transmission | assembly,EngineAssembly + TransmissionAssembly,2,
EngineBlockConnectedToCylinderHead,Connects,0.8664,1.0,0.7328,wup+bert,connected,to,,engine | block | connected | to | cylinder | head,CylinderHead + EngineBlock,2,
EngineBlockContainsPistonAssembly,PartOf,0.7976,1.0,0.5952,wup+bert,contains,,,engine | block | contains | piston | assembly,EngineBlock + PistonAssembly,2,
EngineCoupledToGearbox,Connects,0.7957,1.0,0.5914,wup+bert,coupled,to,,engine | coupled | to | gearbox,Engine + Gearbox,2,
EngineDrivesACCompressor,UsedFor,0.7052,1.0,0.4104,wup+bert,drives,,,engine | drives | ac | compressor,ACCompressor + Crankshaft,4,
EngineDrivesAlternator,UsedFor,0.8104,1.0,0.6208,wup+bert,drives,,,engine | drives | alternator,Alternator + Crankshaft; Alternator + Engine,6,
EngineDrivesWaterPump,UsedFor,0.7052,1.0,0.4104,wup+bert,drives,,,engine | drives | water | pump,Crankshaft + WaterPump,2,
EngineMountSupportsEngine,UsedFor,0.6061,0.6667,0.5456,wup+bert,supports,,,engine | mount | supports | engine,Engine + EngineMount,2,
EngineToExhaustConnection,Causes,0.4584,0.0,0.4584,wup+bert,,to,,engine | to | exhaust | connection,Engine + ExhaustSystem,2,YES
EngineToTransmissionCoupling,UsedFor,0.4149,0.0,0.4149,wup+bert,,to,,engine | to | transmission | coupling,Engine + Transmission,2,YES
EquipmentInLab,AtLocation,1.0,0.0,1.0,spatial_prep,,in,,equipment | in | lab,LabEquipment + Laboratory,2,
EquipmentMonitoring,ReceivesAction,0.8539,1.0,0.7079,wup+bert,,,,equipment | monitoring,MedicalEquipment + PatientMonitor,1,
EquipmentRoleIncludesMachineRole,HasA,0.8471,1.0,0.6943,wup+bert,includes,,,equipment | role | includes | machine | role,EquipmentRole + MachineRole,2,
EquipmentSterilization,MadeOf,0.5542,0.9333,0.175,wup+bert,,,,equipment | sterilization,MedicalEquipment + SterilizationUnit,1,
EspressoDispensesToCup,UsedFor,0.4391,0.6667,0.2116,wup+bert,dispenses,to,,espresso | dispenses | to | cup,EspressoCup + PortafilterSpout,4,YES
EspressoDispensesToLatteGlass,UsedFor,0.4391,0.6667,0.2116,wup+bert,dispenses,to,,espresso | dispenses | to | latte | glass,LatteGlass + PortafilterSpout,2,YES
ExhaustDrivesTurbocharger,UsedFor,0.8104,1.0,0.6208,wup+bert,drives,,,exhaust | drives | turbocharger,ExhaustManifold + Turbocharger; ExhaustPath + Turbocharger,4,
ExhaustManifoldAttachedToCylinderHead,Connects,0.7999,1.0,0.5998,wup+bert,attached,to,,exhaust | manifold | attached | to | cylinder | head,CylinderHead + ExhaustManifold,2,
ExhaustReceivesCombustionGases,ReceivesAction,0.5971,1.0,0.1941,wup+bert,receives | gases,,,exhaust | receives | combustion | gases,CombustionAssembly + ExhaustPath,2,
FacilitiesSystemSupportsDepartment,UsedFor,0.6061,0.6667,0.5456,wup+bert,supports,,,facilities | system | supports | department,Department + FacilitiesSystem,2,
FacultyHasOffice,HasA,0.7055,1.0,0.4111,wup+bert,has,,,faculty | has | office,FacultyMember + Room,4,
FacultyInDepartment,AtLocation,1.0,0.0,1.0,spatial_prep,,in,,faculty | in | department,Department + FacultyMember,6,
FacultyInResearchCenter,AtLocation,1.0,0.0,1.0,spatial_prep,,in,,faculty | in | research | center,FacultyMember + ResearchCenter,4,
FacultyLeadsResearchCenter,CapableOf,0.7465,1.0,0.4931,wup+bert,leads,,,faculty | leads | research | center,FacultyMember + ResearchCenter,2,
FacultyMemberAssignedToDepartment,HasA,0.6855,1.0,0.3709,wup+bert,assigned,to,,faculty | member | assigned | to | department,Department + FacultyMember,2,
FacultyMemberTeachesCourse,ReceivesAction,0.5195,0.7273,0.3118,wup+bert,teaches,,,faculty | member | teaches | course,Course + FacultyMember,2,
FacultyPIOnGrant,CapableOf,0.6724,0.8889,0.456,wup+bert,,on,,faculty | pi | on | grant,FacultyMember + Grant,4,
FacultyTeachesSection,ReceivesAction,0.5195,0.7273,0.3118,wup+bert,teaches,,,faculty | teaches | section,CourseSection + FacultyMember,6,
FalseBottomInMashTun,AtLocation,1.0,0.0,1.0,spatial_prep,,in,,false | bottom | in | mash | tun,FalseBottom + MashTun,2,
FanInRoom,AtLocation,1.0,0.0,1.0,spatial_prep,,in,,fan | in | room,Room + SmartFan,4,
FermentationBucketContainsStopper,PartOf,0.7976,1.0,0.5952,wup+bert,contains,,,fermentation | bucket | contains | stopper,FermentationBucket + Stopper,2,
FermenterInChamber,AtLocation,1.0,0.0,1.0,spatial_prep,,in,,fermenter | in | chamber,FermentationChamber + Fermenter,6,
FermenterToSecondary,CapableOf,0.5772,0.0,0.5772,wup+bert,,to,,fermenter | to | secondary,Fermenter + Fermenter,2,
FillerFillsBottle,UsedFor,0.6489,0.8571,0.4407,wup+bert,fills,,,filler | fills | bottle,Bottle + BottleFiller,6,
FilterCapOnAeropress,AtLocation,1.0,0.0,1.0,spatial_prep,,on,,filter | cap | on | aeropress,AeropressChamber + AeropressFilterCap,2,
FilterFeedsReservoir,UsedFor,0.7558,1.0,0.5115,wup+bert,feeds,,,filter | feeds | reservoir,WaterFilter + WaterReservoir,2,
FilterInDripper,AtLocation,1.0,0.0,1.0,spatial_prep,,in,,filter | in | dripper,PaperFilter + PourOverDripper,6,
FilterInlineBetweenVessels,Connects,0.4537,0.5,0.4075,wup+bert,,between,,filter | inline | between | vessels,BeerFilter + SiliconeTubing,2,YES
FinanceSystemAccountsForStudent,UsedFor,0.5474,0.5714,0.5235,wup+bert,accounts,for,,finance | system | accounts | for | student,FinanceSystem + Student,2,
FloorContainsCorridor,PartOf,0.7976,1.0,0.5952,wup+bert,contains,,,floor | contains | corridor,Corridor + Floor,2,
FloorContainsImagingRoom,PartOf,0.7976,1.0,0.5952,wup+bert,contains,,,floor | contains | imaging | room,Floor + ImagingRoom,2,
FloorContainsNurseStation,PartOf,0.7976,1.0,0.5952,wup+bert,contains,,,floor | contains | nurse | station,Floor + NurseStation,2,
FloorContainsOperatingRoom,PartOf,0.7976,1.0,0.5952,wup+bert,contains,,,floor | contains | operating | room,Floor + OperatingRoom,2,
FloorContainsPatientRoom,PartOf,0.7976,1.0,0.5952,wup+bert,contains,,,floor | contains | patient | room,Floor + PatientRoom,2,
FloorContainsSupplyRoom,PartOf,0.7976,1.0,0.5952,wup+bert,contains,,,floor | contains | supply | room,Floor + SupplyRoom,2,
FloorInBuilding,AtLocation,1.0,0.0,1.0,spatial_prep,,in,,floor | in | building,Building + Floor,4,
FloorInHome,AtLocation,1.0,0.0,1.0,spatial_prep,,in,,floor | in | home,Floor + Home,2,
FlowMeterMeasuresFlow,ReceivesAction,0.7217,1.0,0.4435,wup+bert,measures,,,flow | meter | measures | flow,FlowMeter + GroupHead,2,
FlowSensorMonitorsPipe,ReceivesAction,0.6431,1.0,0.2862,wup+bert,monitors | pipe,,,flow | sensor | monitors | pipe,SmartWaterValve + WaterFlowSensor,2,
FlowSensorOnValve,AtLocation,1.0,0.0,1.0,spatial_prep,,on,,flow | sensor | on | valve,SmartWaterValve + WaterFlowSensor,2,
FlywheelToClutchToTransmission,UsedFor,0.3747,0.0,0.3747,wup+bert,,to | to,,flywheel | to | clutch | to | transmission,ClutchAssembly + Flywheel + Transmission,2,YES
FreezerInLab,AtLocation,1.0,0.0,1.0,spatial_prep,,in,,freezer | in | lab,BloodBankFreezer + ClinicalLaboratory,2,
FrenchPressPoursToCup,UsedFor,0.5886,0.8571,0.3201,wup+bert,pours | cup,to,,french | press | pours | to | cup,CoffeeMug + FrenchPress,4,
FridgeInMedRoom,AtLocation,0.5933,0.875,0.3116,wup+bert,,in,,fridge | in | med | room,MedicationRefrigerator + MedicationRoom,2,
FrontCornerModuleContainsBrakeModule,PartOf,0.7976,1.0,0.5952,wup+bert,contains,,,front | corner | module | contains | brake | module,BrakeModule + FrontCornerModule,2,
FrontCornerModuleContainsSteeringModule,PartOf,0.7976,1.0,0.5952,wup+bert,contains,,,front | corner | module | contains | steering | module,FrontCornerModule + SteeringModule,2,
FrontCornerModuleContainsSuspensionModule,PartOf,0.7976,1.0,0.5952,wup+bert,contains,,,front | corner | module | contains | suspension | module,FrontCornerModule + SuspensionModule,2,
FrontCornerModuleContainsWheelTireModule,PartOf,0.7976,1.0,0.5952,wup+bert,contains,,,front | corner | module | contains | wheel | tire | module,FrontCornerModule + WheelTireModule,2,
FuelDeliveryFeedsCombustion,UsedFor,0.7558,1.0,0.5115,wup+bert,feeds,,,fuel | delivery | feeds | combustion,CombustionAssembly + FuelDeliverySystem,2,
FuelPumpSuppliesInjectorRail,UsedFor,0.8066,1.0,0.6131,wup+bert,supplies,,,fuel | pump | supplies | injector | rail,FuelPump + InjectorRail,2,
FuelPumpToFuelRail,UsedFor,0.3766,0.0,0.3766,wup+bert,,to,,fuel | pump | to | fuel | rail,FuelFilter + FuelPump + FuelRail,2,YES
FuelRailSuppliesInjectors,UsedFor,0.6736,1.0,0.3472,wup+bert,supplies,,,fuel | rail | supplies | injectors,FuelInjector + FuelRail,2,
FuelSystemToEngineSupply,UsedFor,0.5177,0.0,0.5177,wup+bert,,to,,fuel | system | to | engine | supply,Engine + FuelSystem,2,
FuelTankSuppliesFuelPump,UsedFor,0.8066,1.0,0.6131,wup+bert,supplies,,,fuel | tank | supplies | fuel | pump,FuelPump + FuelTank,2,
FuelTankToFuelPump,UsedFor,0.4068,0.0,0.4068,wup+bert,,to,,fuel | tank | to | fuel | pump,FuelPump + FuelTank,2,YES
FunnelInMokaBottom,AtLocation,1.0,0.0,1.0,spatial_prep,,in,,funnel | in | moka | bottom,MokaBottomChamber + MokaFilterFunnel,2,
FunnelOnPortafilter,AtLocation,1.0,0.0,1.0,spatial_prep,,on,,funnel | on | portafilter,DosingFunnel + Portafilter,2,
GasOutletInICU,AtLocation,1.0,0.0,1.0,spatial_prep,,in,,gas | outlet | in | icu,ICUBay + MedicalGasOutlet,2,
GasOutletInOR,AtLocation,1.0,0.0,1.0,spatial_prep,,in,,gas | outlet | in | or,MedicalGasOutlet + OperatingRoom,2,
GasOutletInRoom,AtLocation,1.0,0.0,1.0,spatial_prep,,in,,gas | outlet | in | room,MedicalGasOutlet + PatientRoom,2,
GasOutletVentilator,AtLocation,0.4994,0.8571,0.1417,wup+bert,,,,gas | outlet | ventilator,MedicalGasOutlet + Ventilator,1,YES
GasSystemSuppliesOR,UsedFor,0.7817,1.0,0.5634,wup+bert,supplies,,,gas | system | supplies | or,MedicalGasSystem + OperatingRoom,2,
GasSystemSuppliesOutlets,UsedFor,0.7168,1.0,0.4336,wup+bert,supplies,,,gas | system | supplies | outlets,MedicalGasOutlet + MedicalGasSystem,2,
GasSystemSuppliesUnit,UsedFor,0.8066,1.0,0.6131,wup+bert,supplies,,,gas | system | supplies | unit,MedicalGasSystem + NursingUnit,2,
GasketInGroupHead,AtLocation,1.0,0.0,1.0,spatial_prep,,in,,gasket | in | group | head,GroupGasket + GroupHead,2,
GasketSealsMoka,Connects,0.583,0.8333,0.3326,wup+bert,seals,,,gasket | seals | moka,MokaBottomChamber + MokaGasket + MokaTopChamber,2,
GaugeReadsBoiler,ReceivesAction,0.727,1.0,0.4539,wup+bert,reads,,,gauge | reads | boiler,Boiler + PressureGauge,2,
GearSetInTransmission,AtLocation,1.0,0.0,1.0,spatial_prep,,in,,gear | set | in | transmission,GearSet + Transmission,2,
GearboxDrivesDriveshaft,UsedFor,0.8104,1.0,0.6208,wup+bert,drives,,,gearbox | drives | driveshaft,Driveshaft + Gearbox,2,
GearboxOutputToShaft,CapableOf,0.3986,0.4,0.3972,wup+bert,,to,,gearbox | output | to | shaft,Gearbox + PropellerShaft,2,YES
GeneratorAtBuilding,AtLocation,1.0,0.0,1.0,spatial_prep,,at,,generator | at | building,Building + Generator,2,
GeneratorBacksUpBuilding,HasA,0.4909,0.6667,0.3152,wup+bert,backs,up,,generator | backs | up | building,Building + Generator,2,YES
GeneratorBacksUpDataCenter,HasA,0.4909,0.6667,0.3152,wup+bert,backs,up,,generator | backs | up | data | center,DataCenter + Generator,2,YES
GlassPanelInBody,AtLocation,1.0,0.0,1.0,spatial_prep,,in,,glass | panel | in | body,Frame + GlassPanel,2,
GrainBagInMashTun,AtLocation,1.0,0.0,1.0,spatial_prep,,in,,grain | bag | in | mash | tun,GrainBag + MashTun,2,
GrainBagStoredAdjacentToKettle,ReceivesAction,0.3639,0.5714,0.1564,wup+bert,stored,to,,grain | bag | stored | adjacent | to | kettle,GrainBag + Kettle,2,YES
GrainBinFeedsMill,UsedFor,0.7558,1.0,0.5115,wup+bert,feeds,,,grain | bin | feeds | mill,GrainBin + GrainMill,2,
GrantFundsCenter,UsedFor,0.6675,0.8571,0.4779,wup+bert,funds,,,grant | funds | center,Grant + ResearchCenter,4,
GrantFundsResearchCenter,UsedFor,0.6675,0.8571,0.4779,wup+bert,funds,,,grant | funds | research | center,Grant + ResearchCenter,2,
GrinderBrushCleansBurrs,CapableOf,0.4268,0.6,0.2537,wup+bert,cleans | burrs,,,grinder | brush | cleans | burrs,BurrSet + GrinderBrush,2,YES
GrinderGrindsToBrewBasket,Causes,0.4017,0.4,0.4033,wup+bert,grinds,to,,grinder | grinds | to | brew | basket,BrewBasket + CoffeeGrinder,2,YES
GrinderGrindsToPortafilter,Causes,0.4017,0.4,0.4033,wup+bert,grinds,to,,grinder | grinds | to | portafilter,CoffeeGrinder + Portafilter,2,YES
GrinderToAeropress,CapableOf,0.3392,0.0,0.3392,wup+bert,,to,,grinder | to | aeropress,AeropressKit + CoffeeGrinder,2,YES
GrinderToBrewBasket,UsedFor,0.3771,0.0,0.3771,wup+bert,,to,,grinder | to | brew | basket,BrewBasket + CoffeeGrinder,2,YES
GrinderToColdBrew,CapableOf,0.3247,0.0,0.3247,wup+bert,,to,,grinder | to | cold | brew,CoffeeGrinder + ColdBrewMaker,2,YES
GrinderToDripMachine,UsedFor,0.5365,0.0,0.5365,wup+bert,,to,,grinder | to | drip | machine,CoffeeGrinder + DripBrewMachine,2,
GrinderToFrenchPress,CapableOf,0.3236,0.0,0.3236,wup+bert,,to,,grinder | to | french | press,CoffeeGrinder + FrenchPress,2,YES
GrinderToMokaPot,RelatedTo,0.2912,0.0,0.2912,fallback,,to,,grinder | to | moka | pot,CoffeeGrinder + MokaPot,2,YES
GrinderToPortafilter,CapableOf,0.3295,0.0,0.3295,wup+bert,,to,,grinder | to | portafilter,CoffeeGrinder + Portafilter,4,YES
GrinderToPourOver,Causes,0.3596,0.0,0.3596,wup+bert,,to,,grinder | to | pour | over,CoffeeGrinder + PourOverDripper,2,YES
GroundsToKnockBox,AtLocation,0.5595,0.8,0.319,wup+bert,grounds,to,,grounds | to | knock | box,KnockBox + Portafilter,4,
HLTSuppliesMashTun,UsedFor,0.6965,1.0,0.3931,wup+bert,supplies,,,hlt | supplies | mash | tun,HotLiquorTank + MashTun,4,
HVACServesFloor,UsedFor,0.7136,1.0,0.4272,wup+bert,serves,,,hvac | serves | floor,AirHandlingUnit + Floor,2,
HVACServesOR,UsedFor,0.7641,1.0,0.5283,wup+bert,serves,,,hvac | serves | or,HVACSystem + OperatingRoom,4,
HVACUnitConditionsImagingRoom,HasA,0.5142,0.6,0.4284,wup+bert,conditions,,,hvac | unit | conditions | imaging | room,HVACUnit + ImagingRoom,2,
HVACUnitConditionsOperatingRoom,HasA,0.5142,0.6,0.4284,wup+bert,conditions,,,hvac | unit | conditions | operating | room,HVACUnit + OperatingRoom,2,
HVACUnitConditionsPatientRoom,HasA,0.5142,0.6,0.4284,wup+bert,conditions,,,hvac | unit | conditions | patient | room,HVACUnit + PatientRoom,2,
HVACUnitConditionsRoom,HasA,0.5142,0.6,0.4284,wup+bert,conditions,,,hvac | unit | conditions | room,HVACUnit + Room,2,
HalfShaftDrivesWheelAssembly,UsedFor,0.8104,1.0,0.6208,wup+bert,drives,,,half | shaft | drives | wheel | assembly,HalfShaft + WheelAssembly,2,
HalfShaftToWheelHub,Connects,0.3146,0.0,0.3146,wup+bert,,to,,half | shaft | to | wheel | hub,HalfShaft + WheelHub,2,YES
HandoffCareTeam,CapableOf,0.6465,1.0,0.293,wup+bert,,,,handoff | care | team,CareTeam + ClinicalHandoff,1,
HealthCenterCounseling,Causes,0.5104,0.8571,0.1637,wup+bert,counseling,,,health | center | counseling,CounselingService + HealthCenter,1,
HeatSourceHeatsKettle,UsedFor,0.6689,0.8571,0.4807,wup+bert,heats,,,heat | source | heats | kettle,BrewKettle + HeatSource,4,
HeatSourceSupportsBoilVessel,UsedFor,0.6061,0.6667,0.5456,wup+bert,supports,,,heat | source | supports | boil | vessel,BoilVessel + HeatSource,2,
HeatSourceSupportsMashVessel,UsedFor,0.6061,0.6667,0.5456,wup+bert,supports,,,heat | source | supports | mash | vessel,HeatSource + MashVessel,2,
HeaterCoreTapsCooling,HasA,0.4694,0.6667,0.2721,wup+bert,taps,,,heater | core | taps | cooling,CoolingCircuit + HeaterCore,2,YES
HeaterCoreTapsRadiator,HasA,0.4694,0.6667,0.2721,wup+bert,taps,,,heater | core | taps | radiator,HeaterCore + Radiator,2,YES
HeaterCoreToCoolingSystemTap,UsedFor,0.3609,0.0,0.3609,wup+bert,,to,,heater | core | to | cooling | system | tap,CoolingSystem + HeaterCore,2,YES
HeatingElementInBoiler,AtLocation,1.0,0.0,1.0,spatial_prep,,in,,heating | element | in | boiler,Boiler + BoilerHeatingElement,2,
HeatingElementInHLT,AtLocation,1.0,0.0,1.0,spatial_prep,,in,,heating | element | in | hlt,HeatingElement + HotLiquorTank,2,
HeatingElementInKettle,AtLocation,1.0,0.0,1.0,spatial_prep,,in,,heating | element | in | kettle,BrewKettle + HeatingElement,2,
HeatingEquipmentSupportsBoilKettle,UsedFor,0.6061,0.6667,0.5456,wup+bert,supports,,,heating | equipment | supports | boil | kettle,BoilKettle + HeatingEquipment,2,
HeatingEquipmentSupportsMashTun,UsedFor,0.6061,0.6667,0.5456,wup+bert,supports,,,heating | equipment | supports | mash | tun,HeatingEquipment + MashTun,2,
HeatingWrapOnFermenter,AtLocation,1.0,0.0,1.0,spatial_prep,,on,,heating | wrap | on | fermenter,Fermenter + HeatingWrap,2,
HomeContainsRoom,PartOf,0.7976,1.0,0.5952,wup+bert,contains,,,home | contains | room,Home + Room,2,
HomebrewSiteContainsColdSideCluster,PartOf,0.7976,1.0,0.5952,wup+bert,contains,,,homebrew | site | contains | cold | side | cluster,ColdSideCluster + HomebrewSite,2,
HomebrewSiteContainsHotSideCluster,PartOf,0.7976,1.0,0.5952,wup+bert,contains,,,homebrew | site | contains | hot | side | cluster,HomebrewSite + HotSideCluster,2,
HomebrewSiteContainsIngredientStorageCluster,PartOf,0.7976,1.0,0.5952,wup+bert,contains,,,homebrew | site | contains | ingredient | storage | cluster,HomebrewSite + IngredientStorageCluster,2,
HomebrewSiteContainsPackagingCluster,PartOf,0.7976,1.0,0.5952,wup+bert,contains,,,homebrew | site | contains | packaging | cluster,HomebrewSite + PackagingCluster,2,
HomebrewingSetupContainsBrewingStation,PartOf,0.7976,1.0,0.5952,wup+bert,contains,,,homebrewing | setup | contains | brewing | station,BrewingStation + HomebrewingSetup,2,
HoodInPharmacy,AtLocation,1.0,0.0,1.0,spatial_prep,,in,,hood | in | pharmacy,CompoundingHood + PharmacySpace,2,
HopPacketStoredAdjacentToKettle,ReceivesAction,0.3639,0.5714,0.1564,wup+bert,stored,to,,hop | packet | stored | adjacent | to | kettle,HopPacket + Kettle,2,YES
HopSpiderInKettle,AtLocation,1.0,0.0,1.0,spatial_prep,,in,,hop | spider | in | kettle,BrewKettle + HopSpider,2,
HopperOnGrinder,AtLocation,1.0,0.0,1.0,spatial_prep,,on,,hopper | on | grinder,CoffeeGrinder + GrinderHopper,2,
HospitalCampusContainsBuilding,PartOf,0.7976,1.0,0.5952,wup+bert,contains,,,hospital | campus | contains | building,Building + HospitalCampus,2,
HospitalSiteContainsDiagnosticCluster,PartOf,0.7976,1.0,0.5952,wup+bert,contains,,,hospital | site | contains | diagnostic | cluster,DiagnosticCluster + HospitalSite,2,
HospitalSiteContainsInpatientCluster,PartOf,0.7976,1.0,0.5952,wup+bert,contains,,,hospital | site | contains | inpatient | cluster,HospitalSite + InpatientCluster,2,
HospitalSiteContainsProceduralCluster,PartOf,0.7976,1.0,0.5952,wup+bert,contains,,,hospital | site | contains | procedural | cluster,HospitalSite + ProceduralCluster,2,
HospitalSiteContainsSupportCluster,PartOf,0.7976,1.0,0.5952,wup+bert,contains,,,hospital | site | contains | support | cluster,HospitalSite + SupportCluster,2,
HotPlateKeepsCarafeWarm,HasA,0.6438,1.0,0.2876,wup+bert,keeps | warm,,,hot | plate | keeps | carafe | warm,Carafe + HotPlate,2,
HotPlateWarmsCarafe,UsedFor,0.3956,0.3333,0.4579,wup+bert,warms,,,hot | plate | warms | carafe,Carafe + HotPlate,4,YES
HotSideClusterContainsBoilVessel,PartOf,0.7976,1.0,0.5952,wup+bert,contains,,,hot | side | cluster | contains | boil | vessel,BoilVessel + HotSideCluster,2,
HotSideClusterContainsHeatSource,PartOf,0.7976,1.0,0.5952,wup+bert,contains,,,hot | side | cluster | contains | heat | source,HeatSource + HotSideCluster,2,
HotSideClusterContainsMashVessel,PartOf,0.7976,1.0,0.5952,wup+bert,contains,,,hot | side | cluster | contains | mash | vessel,HotSideCluster + MashVessel,2,
HousingUnitAssignedToPerson,HasA,0.6855,1.0,0.3709,wup+bert,assigned,to,,housing | unit | assigned | to | person,HousingUnit + Person,2,
HubAssemblyRotatesTireWheelUnit,UsedFor,0.5965,0.8,0.3929,wup+bert,rotates,,,hub | assembly | rotates | tire | wheel | unit,HubAssembly + TireWheelUnit,2,
HubConnectedToRouter,Connects,0.8664,1.0,0.7328,wup+bert,connected,to,,hub | connected | to | router,SmartHomeHub + SmartRouter,4,
HubOnRouter,AtLocation,1.0,0.0,1.0,spatial_prep,,on,,hub | on | router,SmartHomeHub + SmartRouter,2,
HubStartup,MadeOf,0.4486,0.8,0.0971,wup+bert,,,,hub | startup,InovationHub + Startup,1,YES
HumidifierServesRoom,UsedFor,0.7834,1.0,0.5668,wup+bert,serves,,,humidifier | serves | room,Room + SmartHumidifier,2,
HumiditySensorInRoom,AtLocation,1.0,0.0,1.0,spatial_prep,,in,,humidity | sensor | in | room,HumiditySensor + Room,2,
HydrometerInCylinder,AtLocation,1.0,0.0,1.0,spatial_prep,,in,,hydrometer | in | cylinder,GraduatedCylinder + Hydrometer,4,
HydrometerUsedWithFermentationBucket,Connects,0.4969,0.5,0.4938,wup+bert,used,with,,hydrometer | used | with | fermentation | bucket,FermentationBucket + Hydrometer,2,YES
ICUBayOnFloor,AtLocation,1.0,0.0,1.0,spatial_prep,,on,,icu | bay | on | floor,Floor + ICUBay,2,
ICUOnFloor,CapableOf,0.4276,0.5,0.3551,wup+bert,,on,,icu | on | floor,Floor + IntensiveCareUnit,4,YES
ICUVentilatorMonitor,PartOf,0.3827,0.5,0.2655,wup+bert,,,,icu | ventilator | monitor,PatientMonitor + Ventilator,1,YES
ITClosetSupportsImagingSuite,UsedFor,0.6061,0.6667,0.5456,wup+bert,supports,,,it | closet | supports | imaging | suite,ITCloset + ImagingSuite,2,
IgnitionCoilPowersSparkPlug,UsedFor,0.8222,1.0,0.6444,wup+bert,powers,,,ignition | coil | powers | spark | plug,IgnitionCoil + SparkPlug,2,
IgnitionFiresCombustion,Causes,0.7915,1.0,0.5831,wup+bert,fires,,,ignition | fires | combustion,CombustionAssembly + IgnitionSystem,2,
ImagingInBuilding,AtLocation,1.0,0.0,1.0,spatial_prep,,in,,imaging | in | building,Building + ImagingCenter,2,
ImagingOnFloor,AtLocation,1.0,0.0,1.0,spatial_prep,,on,,imaging | on | floor,Floor + ImagingSuite,2,
ImagingSuiteOnFloor,AtLocation,1.0,0.0,1.0,spatial_prep,,on,,imaging | suite | on | floor,Floor + ImagingSuite,2,
ImagingWorkstation,CapableOf,0.3387,0.5714,0.106,wup+bert,imaging,,,imaging | workstation,ClinicalWorkstation + ImagingSystem,1,YES
IncubatorInNursery,AtLocation,1.0,0.0,1.0,spatial_prep,,in,,incubator | in | nursery,IncubatorUnit + PatientRoom,2,
IncubatorStartup,MadeOf,0.4862,0.8235,0.1489,wup+bert,,,,incubator | startup,Incubator + Startup,1,YES
InductionUnderKettle,AtLocation,1.0,0.0,1.0,spatial_prep,,under,,induction | under | kettle,BrewKettle + InductionCooktop,2,
InfusionPumpAtBedside,AtLocation,1.0,0.0,1.0,spatial_prep,,at,,infusion | pump | at | bedside,InfusionPump + PatientBed,2,
IngredientStorageClusterContainsGrainSupply,PartOf,0.7976,1.0,0.5952,wup+bert,contains,,,ingredient | storage | cluster | contains | grain | supply,GrainSupply + IngredientStorageCluster,2,
IngredientStorageClusterContainsHopSupply,PartOf,0.7976,1.0,0.5952,wup+bert,contains,,,ingredient | storage | cluster | contains | hop | supply,HopSupply + IngredientStorageCluster,2,
IngredientStorageClusterContainsWaterSupply,PartOf,0.7976,1.0,0.5952,wup+bert,contains,,,ingredient | storage | cluster | contains | water | supply,IngredientStorageCluster + WaterSupply,2,
IngredientStorageClusterContainsYeastSupply,PartOf,0.7976,1.0,0.5952,wup+bert,contains,,,ingredient | storage | cluster | contains | yeast | supply,IngredientStorageCluster + YeastSupply,2,
InjectorFeedsCylinder,UsedFor,0.7558,1.0,0.5115,wup+bert,feeds,,,injector | feeds | cylinder,Cylinder + FuelInjector,2,
InjectorRailSuppliesEngine,UsedFor,0.8066,1.0,0.6131,wup+bert,supplies,,,injector | rail | supplies | engine,Engine + InjectorRail,2,
InlineThermometerOnTubing,AtLocation,1.0,0.0,1.0,spatial_prep,,on,,inline | thermometer | on | tubing,InlineThermometer + SiliconeTubing,2,
InpatientClusterContainsPatientBay,PartOf,0.7976,1.0,0.5952,wup+bert,contains,,,inpatient | cluster | contains | patient | bay,InpatientCluster + PatientBay,2,
InstructionalSpaceIsRoom,HasPrerequisite,0.7964,1.0,0.5929,wup+bert,is,,,instructional | space | is | room,InstructionalSpace + Room,2,
InstructorAssignmentAssignedToCourseSection,HasA,0.6855,1.0,0.3709,wup+bert,assigned,to,,instructor | assignment | assigned | to | course | section,CourseSection + InstructorAssignment,2,
IntakeManifoldAttachedToCylinderHead,Connects,0.7999,1.0,0.5998,wup+bert,attached,to,,intake | manifold | attached | to | cylinder | head,CylinderHead + IntakeManifold,2,
IntercoolerCoolsChargedAir,Causes,0.3822,0.5,0.2643,wup+bert,cools | charged,,,intercooler | cools | charged | air,IntakeManifold + Intercooler + Turbocharger,2,YES
InverterChargesBattery,CapableOf,0.4321,0.5,0.3642,wup+bert,charges,,,inverter | charges | battery,HomeBattery + SolarInverter,4,YES
InverterFeedsMeter,UsedFor,0.7558,1.0,0.5115,wup+bert,feeds,,,inverter | feeds | meter,SmartEnergyMeter + SolarInverter,4,
IrrigationControllerManagesValve,CapableOf,0.8129,1.0,0.6259,wup+bert,manages,,,irrigation | controller | manages | valve,SmartIrrigationController + SmartWaterValve,2,
IrrigationManagesValve,CapableOf,0.8129,1.0,0.6259,wup+bert,manages,,,irrigation | manages | valve,SmartIrrigationController + SmartWaterValve,4,
KegInKegerator,AtLocation,1.0,0.0,1.0,spatial_prep,,in,,keg | in | kegerator,Keg + Kegerator,6,
KegToTapViaLine,Connects,0.3901,0.0,0.3901,wup+bert,,to | via,,keg | to | tap | via | line,BeerLine + BeerTap + Keg,2,YES
KegWasherCleansKeg,CapableOf,0.5257,0.6,0.4514,wup+bert,cleans,,,keg | washer | cleans | keg,Keg + KegWasher,2,
KettleContainsFalseBottom,PartOf,0.7976,1.0,0.5952,wup+bert,contains,,,kettle | contains | false | bottom,FalseBottom + Kettle,2,
KettleContainsValveAssembly,PartOf,0.7976,1.0,0.5952,wup+bert,contains,,,kettle | contains | valve | assembly,Kettle + ValveAssembly,2,
KettlePoursToDripper,UsedFor,0.6252,0.8571,0.3932,wup+bert,pours,to,,kettle | pours | to | dripper,GooseneckKettle + PourOverDripper,4,
KettleSuppliePourOver,RelatedTo,0.1904,0.0,0.3808,fallback,,,,kettle | supplie | pour | over,GooseneckKettle + PourOverDripper,2,YES
KettleSuppliesAeropress,UsedFor,0.8066,1.0,0.6131,wup+bert,supplies,,,kettle | supplies | aeropress,AeropressKit + GooseneckKettle,2,
KettleSuppliesFrenchPress,UsedFor,0.8066,1.0,0.6131,wup+bert,supplies,,,kettle | supplies | french | press,FrenchPress + StandardKettle,2,
KettleSuppliesSiphon,UsedFor,0.8066,1.0,0.6131,wup+bert,supplies,,,kettle | supplies | siphon,SiphonBrewer + StandardKettle,2,
KettleToChiller,UsedFor,0.3809,0.0,0.3809,wup+bert,,to,,kettle | to | chiller,BrewKettle + WortChiller,4,YES
LabAnalyzerOnNetwork,AtLocation,1.0,0.0,1.0,spatial_prep,,on,,lab | analyzer | on | network,HospitalNetwork + LabAnalyzer,2,
LabGrant,AtLocation,0.5457,0.875,0.2163,wup+bert,,,,lab | grant,Grant + ResearchLab,1,
LabInBuilding,AtLocation,0.6778,0.875,0.4806,wup+bert,,in,,lab | in | building,Building + ClinicalLaboratory,2,
LabInRoom,AtLocation,0.6778,0.875,0.4806,wup+bert,,in,,lab | in | room,Laboratory + Room,2,
LabInstrumentWorkstation,AtLocation,0.5112,0.875,0.1475,wup+bert,,,,lab | instrument | workstation,ClinicalWorkstation + LabInstrument,1,
LabOnFloor,AtLocation,0.6385,0.875,0.4021,wup+bert,,on,,lab | on | floor,ClinicalLaboratory + Floor,4,
LabSharedEquipment,ReceivesAction,0.4418,0.6667,0.2169,wup+bert,shared,,,lab | shared | equipment,ResearchLab + SharedEquipment,1,YES
LabelOnBottle,AtLocation,1.0,0.0,1.0,spatial_prep,,on,,label | on | bottle,Bottle + BottleLabel,2,
LaboratoryInBuilding,AtLocation,1.0,0.0,1.0,spatial_prep,,in,,laboratory | in | building,Building + Laboratory,2,
LaboratoryResourceUsedByPerson,HasPrerequisite,0.4777,0.5,0.4553,wup+bert,used,by,,laboratory | resource | used | by | person,LaboratoryResource + Person,2,YES
LeakSensorTriggersValve,Causes,0.8278,1.0,0.6557,wup+bert,triggers,,,leak | sensor | triggers | valve,SmartWaterValve + WaterLeakSensor,6,
LeakSensorTriggersWaterValve,Causes,0.8278,1.0,0.6557,wup+bert,triggers,,,leak | sensor | triggers | water | valve,LeakSensor + WaterValve,2,
LearningActivityGeneratesAssessment,Causes,0.6854,0.8,0.5707,wup+bert,generates,,,learning | activity | generates | assessment,Assessment + LearningActivity,2,
LectureCaptureInRoom,AtLocation,1.0,0.0,1.0,spatial_prep,,in,,lecture | capture | in | room,LectureCapture + Room,2,
LectureHallInRoom,AtLocation,1.0,0.0,1.0,spatial_prep,,in,,lecture | hall | in | room,LectureHall + Room,2,
LibraryCareerServices,UsedFor,0.5838,1.0,0.1677,wup+bert,services,,,library | career | services,CareerServices + Library,1,
LibraryITServices,UsedFor,0.6527,1.0,0.3054,wup+bert,services,,,library | it | services,ITServices + Library,1,
LibraryInBuilding,AtLocation,1.0,0.0,1.0,spatial_prep,,in,,library | in | building,Building + LibraryBranch,4,
LibraryResourceAccessedByPerson,AtLocation,0.4357,0.4,0.4714,wup+bert,accessed,by,,library | resource | accessed | by | person,LibraryResource + Person,2,YES
LightFixtureInRoom,AtLocation,1.0,0.0,1.0,spatial_prep,,in,,light | fixture | in | room,Room + SmartLightFixture,2,
LightSensorControlsBlinds,CapableOf,0.7714,1.0,0.5429,wup+bert,controls,,,light | sensor | controls | blinds,AmbientLightSensor + MotorizedBlinds,2,
LightSensorControlsCovering,CapableOf,0.7714,1.0,0.5429,wup+bert,controls,,,light | sensor | controls | covering,AmbientLightSensor + SmartWindowCovering,2,
LightStripInRoom,AtLocation,1.0,0.0,1.0,spatial_prep,,in,,light | strip | in | room,LEDLightStrip + Room,2,
LightSwitchControlsBulb,CapableOf,0.7714,1.0,0.5429,wup+bert,controls,,,light | switch | controls | bulb,SmartBulb + SmartLightSwitch,2,
LightingFixtureIlluminatesRoom,IsA,0.4964,0.8,0.1928,wup+bert,illuminates,,,lighting | fixture | illuminates | room,LightingFixture + Room,2,YES
LightingSystemIlluminatesZone,IsA,0.4964,0.8,0.1928,wup+bert,illuminates,,,lighting | system | illuminates | zone,LightingSystem + Zone,2,YES
LineConnectsKegToTap,Connects,0.8784,1.0,0.7569,wup+bert,connects,to,,line | connects | keg | to | tap,BeerLine + BeerTap + Keg,2,
LockOnDoor,AtLocation,1.0,0.0,1.0,spatial_prep,,on,,lock | on | door,Room + SmartDoorLock,2,
LockOnRoomEntry,AtLocation,1.0,0.0,1.0,spatial_prep,,on,,lock | on | room | entry,Room + SmartDoorLock,2,
LubricationServicesEngine,UsedFor,0.6851,1.0,0.3702,wup+bert,services,,,lubrication | services | engine,CombustionAssembly + LubricationSystem,2,
MRIInSuite,AtLocation,1.0,0.0,1.0,spatial_prep,,in,,mri | in | suite,ImagingSuite + MRIScanner,2,
ManifoldInMashTun,AtLocation,1.0,0.0,1.0,spatial_prep,,in,,manifold | in | mash | tun,ManifoldScreen + MashTun,2,
ManifoldPressuresKeg,UsedFor,0.5717,0.8571,0.2862,wup+bert,pressures,,,manifold | pressures | keg,GasManifold + Keg,2,
ManifoldSuppliesOutlet,UsedFor,0.8066,1.0,0.6131,wup+bert,supplies,,,manifold | supplies | outlet,GasManifold + MedicalGasOutlet,2,
ManifoldToConverterToMuffler,UsedFor,0.3284,0.0,0.3284,wup+bert,,to | to,,manifold | to | converter | to | muffler,CatalyticConverter + ExhaustManifold + Muffler,2,YES
ManifoldToKeg,CapableOf,0.3935,0.0,0.3935,wup+bert,,to,,manifold | to | keg,GasManifold + Keg,2,YES
MashTunDrainsToKettle,UsedFor,0.3993,0.4444,0.3542,wup+bert,drains,to,,mash | tun | drains | to | kettle,BrewKettle + MashTun,4,YES
MasterCylinderPressuresCaliper,UsedFor,0.5717,0.8571,0.2862,wup+bert,pressures,,,master | cylinder | pressures | caliper,BrakeCaliper + BrakeMasterCylinder,2,
MealPlanAtDiningHall,AtLocation,1.0,0.0,1.0,spatial_prep,,at,,meal | plan | at | dining | hall,DiningHall + MealPlan,2,
MedRoomServesUnit,UsedFor,0.6659,1.0,0.3318,wup+bert,med | serves,,,med | room | serves | unit,MedicationRoom + NurseStation,2,
MedicalGasOutletInstalledInOperatingRoom,AtLocation,0.8136,1.0,0.6271,wup+bert,installed,in,,medical | gas | outlet | installed | in | operating | room,MedicalGasOutlet + OperatingRoom,2,
MedicalGasOutletInstalledInPatientRoom,AtLocation,0.8136,1.0,0.6271,wup+bert,installed,in,,medical | gas | outlet | installed | in | patient | room,MedicalGasOutlet + PatientRoom,2,
MedicalGasPanelServesEquipmentBoom,UsedFor,0.7834,1.0,0.5668,wup+bert,serves,,,medical | gas | panel | serves | equipment | boom,EquipmentBoom + MedicalGasPanel,2,
MedicationPrescription,CapableOf,0.4522,0.7059,0.1986,wup+bert,,,,medication | prescription,Medication + Prescription,1,YES
MeshNodeExtendsRouter,UsedFor,0.6034,1.0,0.2069,wup+bert,extends,,,mesh | node | extends | router,MeshWiFiNode + SmartRouter,6,
MetalFilterInDripper,MadeOf,0.64,0.875,0.4051,wup+bert,,in,,metal | filter | in | dripper,MetalPourOverFilter + PourOverDripper,2,
MeterMonitorsBreaker,ReceivesAction,0.6774,1.0,0.3549,wup+bert,monitors,,,meter | monitors | breaker,SmartCircuitBreaker + SmartEnergyMeter,4,
MeterMonitorsCircuit,ReceivesAction,0.6774,1.0,0.3549,wup+bert,monitors,,,meter | monitors | circuit,SmartCircuitBreaker + SmartEnergyMeter,2,
MeterOnBuilding,AtLocation,1.0,0.0,1.0,spatial_prep,,on,,meter | on | building,Building + UtilityMeter,4,
MicroscopeInLab,AtLocation,1.0,0.0,1.0,spatial_prep,,in,,microscope | in | lab,ClinicalLaboratory + Microscope,2,
MilkPitcherPoursToCappuccino,UsedFor,0.6252,0.8571,0.3932,wup+bert,pours,to,,milk | pitcher | pours | to | cappuccino,CappuccinoCup + MilkPitcher,2,
MilkPitcherPoursToLatteGlass,UsedFor,0.6252,0.8571,0.3932,wup+bert,pours,to,,milk | pitcher | pours | to | latte | glass,LatteGlass + MilkPitcher,2,
MillCrushesToMashTun,Causes,0.4693,0.5,0.4387,wup+bert,crushes,to,,mill | crushes | to | mash | tun,GrainMill + MashTun,2,YES
MillFeedsGrainToMash,UsedFor,0.6592,1.0,0.3183,wup+bert,feeds | grain,to,,mill | feeds | grain | to | mash,GrainMill + MashTun,2,
MokaPotPoursToCup,UsedFor,0.6252,0.8571,0.3932,wup+bert,pours,to,,moka | pot | pours | to | cup,EspressoCup + MokaPot,2,
MonitorInICU,AtLocation,1.0,0.0,1.0,spatial_prep,,in,,monitor | in | icu,BedsideMonitor + ICUBay,2,
MonitorInRecovery,AtLocation,1.0,0.0,1.0,spatial_prep,,in,,monitor | in | recovery,BedsideMonitor + RecoveryBay,2,
MonitorInRoom,AtLocation,1.0,0.0,1.0,spatial_prep,,in,,monitor | in | room,BedsideMonitor + PatientRoom,2,
MonitorOnNetwork,AtLocation,1.0,0.0,1.0,spatial_prep,,on,,monitor | on | network,BedsideMonitor + HospitalNetwork,2,
MotionSensorCoversRoom,Causes,0.6348,0.9333,0.3363,wup+bert,covers,,,motion | sensor | covers | room,MotionSensor + Room,2,
MotionSensorInRoom,AtLocation,1.0,0.0,1.0,spatial_prep,,in,,motion | sensor | in | room,MotionSensor + Room,2,
MotionSensorObservesRoom,ReceivesAction,0.8298,1.0,0.6596,wup+bert,observes,,,motion | sensor | observes | room,MotionSensor + Room,2,
MotionSensorTriggersCamera,Causes,0.8278,1.0,0.6557,wup+bert,triggers,,,motion | sensor | triggers | camera,MotionSensor + SecurityCamera,2,
MotionSensorTriggersLight,Causes,0.8278,1.0,0.6557,wup+bert,triggers,,,motion | sensor | triggers | light,MotionSensor + SmartBulb; MotionSensor + SmartLightFixture,6,
NetworkHubConnectsCamera,Connects,0.8927,1.0,0.7855,wup+bert,connects,,,network | hub | connects | camera,Camera + NetworkHub,2,
NetworkHubConnectsContactSensor,Connects,0.8927,1.0,0.7855,wup+bert,connects,,,network | hub | connects | contact | sensor,ContactSensor + NetworkHub,2,
NetworkHubConnectsDoorLock,Connects,0.8927,1.0,0.7855,wup+bert,connects,,,network | hub | connects | door | lock,DoorLock + NetworkHub,2,
NetworkHubConnectsLeakSensor,Connects,0.8927,1.0,0.7855,wup+bert,connects,,,network | hub | connects | leak | sensor,LeakSensor + NetworkHub,2,
NetworkHubConnectsLightingFixture,Connects,0.8927,1.0,0.7855,wup+bert,connects,,,network | hub | connects | lighting | fixture,LightingFixture + NetworkHub,2,
NetworkHubConnectsMotionSensor,Connects,0.8927,1.0,0.7855,wup+bert,connects,,,network | hub | connects | motion | sensor,MotionSensor + NetworkHub,2,
NetworkHubConnectsSmartPlug,Connects,0.8927,1.0,0.7855,wup+bert,connects,,,network | hub | connects | smart | plug,NetworkHub + SmartPlug,2,
NetworkHubConnectsSpeakerDisplay,Connects,0.8927,1.0,0.7855,wup+bert,connects,,,network | hub | connects | speaker | display,NetworkHub + SpeakerDisplay,2,
NetworkHubConnectsThermostat,Connects,0.8927,1.0,0.7855,wup+bert,connects,,,network | hub | connects | thermostat,NetworkHub + Thermostat,2,
NetworkSystemConnectsAutomationController,Connects,0.8927,1.0,0.7855,wup+bert,connects,,,network | system | connects | automation | controller,AutomationController + NetworkSystem,2,
NurseAssignedToFloor,HasA,0.6855,1.0,0.3709,wup+bert,assigned,to,,nurse | assigned | to | floor,Floor + Nurse,2,
NurseCallEquipment,UsedFor,0.5821,0.8889,0.2754,wup+bert,,,,nurse | call | equipment,MedicalEquipment + NurseCallPanel,1,
NurseCallInRoom,AtLocation,1.0,0.0,1.0,spatial_prep,,in,,nurse | call | in | room,NurseCallUnit + PatientRoom,2,
NurseInICU,AtLocation,1.0,0.0,1.0,spatial_prep,,in,,nurse | in | icu,IntensiveCareUnit + Nurse,2,
NurseOnUnit,AtLocation,1.0,0.0,1.0,spatial_prep,,on,,nurse | on | unit,Nurse + NursingUnit,4,
NurseStationServesRooms,UsedFor,0.7224,1.0,0.4448,wup+bert,serves | rooms,,,nurse | station | serves | rooms,NurseStation + PatientRoom,2,
NursingUnitOnFloor,AtLocation,1.0,0.0,1.0,spatial_prep,,on,,nursing | unit | on | floor,Floor + NursingUnit,4,
O2SensorMonitorsExhaust,ReceivesAction,0.5858,1.0,0.1717,wup+bert,monitors | exhaust,,,sensor | monitors | exhaust,CatalyticConverter + OxygenSensor,2,
OROnFloor,HasPrerequisite,0.4526,0.5,0.4052,wup+bert,,on,,or | on | floor,Floor + OperatingRoom,6,YES
ObservedStateFormsSensedCondition,ReceivesAction,0.7483,1.0,0.4967,wup+bert,observed | forms,,,observed | state | forms | sensed | condition,EnergyState + EnvironmentalState + OccupancyState + SecurityState + SensedCondition,2,
OccupancyControlsHVAC,CapableOf,0.649,1.0,0.2979,wup+bert,controls | hvac,,,occupancy | controls | hvac,OccupancySensor + SmartThermostat,2,
OccupancyControlsThermostat,CapableOf,0.7714,1.0,0.5429,wup+bert,controls,,,occupancy | controls | thermostat,OccupancySensor + SmartThermostat,2,
OccupancySensorInRoom,AtLocation,1.0,0.0,1.0,spatial_prep,,in,,occupancy | sensor | in | room,OccupancySensor + Room,4,
OilPanFeedsOilPump,UsedFor,0.7558,1.0,0.5115,wup+bert,feeds,,,oil | pan | feeds | oil | pump,OilPan + OilPump,2,
OilPumpLubricatesEngine,Connects,0.3754,0.4,0.3508,wup+bert,lubricates,,,oil | pump | lubricates | engine,EngineBlock + OilFilter + OilPump,2,YES
PACSStoresFromSuite,ReceivesAction,0.3646,0.5714,0.1577,wup+bert,stores,from,,pacs | stores | from | suite,ImagingSuite + PACSServer,2,YES
PACSStoresImaging,ReceivesAction,0.385,0.5714,0.1985,wup+bert,stores,,,pacs | stores | imaging,ImagingCenter + PACSServer; ImagingSuite + PACSServer,4,YES
PIDControlsBoiler,CapableOf,0.7714,1.0,0.5429,wup+bert,controls,,,pid | controls | boiler,Boiler + PIDController,6,
PIGraduateResearcher,CapableOf,0.6473,0.8889,0.4057,wup+bert,,,,pi | graduate | researcher,GraduateResearcher + PrincipalInvestigator,1,
PIPostdoc,CapableOf,0.6473,0.8889,0.4057,wup+bert,,,,pi | postdoc,Postdoc + PrincipalInvestigator,1,
PIProject,CapableOf,0.6473,0.8889,0.4057,wup+bert,,,,pi | project,PrincipalInvestigator + ResearchProject,1,
PackagingClusterContainsBottleOrKegSet,PartOf,0.7976,1.0,0.5952,wup+bert,contains,,,packaging | cluster | contains | bottle | or | keg | set,BottleOrKegSet + PackagingCluster,2,
PackagingClusterContainsCleaningKit,PartOf,0.7976,1.0,0.5952,wup+bert,contains,,,packaging | cluster | contains | cleaning | kit,CleaningKit + PackagingCluster,2,
PatentTechTransfer,ReceivesAction,0.453,0.8,0.1061,wup+bert,,,,patent | tech | transfer,Patent + TechTransfer,2,YES
PathwayDischargeOrder,Causes,0.615,1.0,0.2301,wup+bert,,,pathway,pathway | discharge | order,CarePathway + DischargeOrder,1,
PathwayProcedure,Connects,0.4885,0.8421,0.1349,wup+bert,,,pathway,pathway | procedure,CarePathway + MedicalProcedure,1,YES
PathwayProtocol,Connects,0.4037,0.5263,0.281,wup+bert,,,pathway,pathway | protocol,CarePathway + ClinicalProtocol,1,YES
PathwayReferralOrder,CapableOf,0.5894,1.0,0.1788,wup+bert,,,pathway,pathway | referral | order,CarePathway + ReferralOrder,1,
PatientAdmission,IsA,0.499,0.7778,0.2203,wup+bert,,,,patient | admission,Admission + Patient,1,YES
PatientAllergy,IsA,0.4247,0.7692,0.0802,wup+bert,,,,patient | allergy,Allergy + Patient,1,YES
PatientConsentForm,IsA,0.5875,1.0,0.175,wup+bert,,,,patient | consent | form,ConsentForm + Patient,1,
PatientEncounter,HasPrerequisite,0.6129,1.0,0.2258,wup+bert,,,,patient | encounter,ClinicalEncounter + Patient,1,
PatientInpatientStay,IsA,0.48,0.7692,0.1907,wup+bert,,,,patient | inpatient | stay,InpatientStay + Patient,1,YES
PatientRoomContainsBed,PartOf,0.7976,1.0,0.5952,wup+bert,contains,,,patient | room | contains | bed,Bed + PatientRoom,2,
PatientRoomOnFloor,AtLocation,1.0,0.0,1.0,spatial_prep,,on,,patient | room | on | floor,Floor + PatientRoom,2,
PermitForFacility,AtLocation,0.5186,0.0,0.5186,wup+bert,,for,,permit | for | facility,ParkingFacility + ParkingPermit,4,
PersonParticipatesInAdvisingSession,Causes,0.5163,0.5,0.5325,wup+bert,participates,in,,person | participates | in | advising | session,AdvisingSession + Person,2,
PersonParticipatesInClassMeeting,Causes,0.5163,0.5,0.5325,wup+bert,participates,in,,person | participates | in | class | meeting,ClassMeeting + Person,2,
PharmacistInPharmacy,AtLocation,1.0,0.0,1.0,spatial_prep,,in,,pharmacist | in | pharmacy,CentralPharmacy + Pharmacist; Pharmacist + PharmacySpace,6,
PharmacyInBuilding,AtLocation,1.0,0.0,1.0,spatial_prep,,in,,pharmacy | in | building,Building + CentralPharmacy,2,
PharmacyOnFloor,AtLocation,1.0,0.0,1.0,spatial_prep,,on,,pharmacy | on | floor,CentralPharmacy + Floor; Floor + PharmacySpace,4,
PhysicianHasPrivileges,HasA,0.7344,1.0,0.4688,wup+bert,has | privileges,,,physician | has | privileges,Hospital + Physician,4,
PhysicianInDepartment,AtLocation,1.0,0.0,1.0,spatial_prep,,in,,physician | in | department,ClinicalDepartment + Physician,2,
PistonAssemblyDrivesCrankshaft,UsedFor,0.8104,1.0,0.6208,wup+bert,drives,,,piston | assembly | drives | crankshaft,Crankshaft + PistonAssembly,2,
PistonInCylinder,AtLocation,1.0,0.0,1.0,spatial_prep,,in,,piston | in | cylinder,Cylinder + Piston,2,
PlugInRoom,AtLocation,1.0,0.0,1.0,spatial_prep,,in,,plug | in | room,Room + SmartPlug,2,
PlungerInAeropress,AtLocation,1.0,0.0,1.0,spatial_prep,,in,,plunger | in | aeropress,AeropressChamber + AeropressPlunger,2,
PlungerInFrenchPress,AtLocation,1.0,0.0,1.0,spatial_prep,,in,,plunger | in | french | press,FrenchPress + FrenchPressPlunger,2,
PneumaticTubeConnectsLab,Connects,0.7471,1.0,0.4941,wup+bert,connects,,,pneumatic | tube | connects | lab,ClinicalLaboratory + PneumaticTubeTerminal,2,
PneumaticTubeConnectsPharmacy,Connects,0.8927,1.0,0.7855,wup+bert,connects,,,pneumatic | tube | connects | pharmacy,CentralPharmacy + PneumaticTubeTerminal,2,
PneumaticTubeNetwork,Causes,0.5284,0.6667,0.3901,wup+bert,,,,pneumatic | tube | network,PneumaticTubeTerminal + PneumaticTubeTerminal,2,
PortafilterLocksInGroup,Connects,0.5861,0.75,0.4222,wup+bert,locks,in,,portafilter | locks | in | group,GroupHead + Portafilter,2,
PortafilterLocksInGroupHead,Connects,0.5861,0.75,0.4222,wup+bert,locks,in,,portafilter | locks | in | group | head,GroupHead + Portafilter,4,
PowerGenToDeliveryCoupling,Connects,0.58,1.0,0.1599,wup+bert,,to,,power | gen | to | delivery | coupling,ClutchOrConverter + CombustionAssembly,2,
PowerMonitorOnCircuit,AtLocation,1.0,0.0,1.0,spatial_prep,,on,,power | monitor | on | circuit,PowerMonitor + SmartCircuitBreaker,2,
PowerPanelSuppliesImagingRoom,UsedFor,0.8066,1.0,0.6131,wup+bert,supplies,,,power | panel | supplies | imaging | room,ImagingRoom + PowerPanel,2,
PowerPanelSuppliesOperatingRoom,UsedFor,0.8066,1.0,0.6131,wup+bert,supplies,,,power | panel | supplies | operating | room,OperatingRoom + PowerPanel,2,
PowerPanelSuppliesPatientRoom,UsedFor,0.8066,1.0,0.6131,wup+bert,supplies,,,power | panel | supplies | patient | room,PatientRoom + PowerPanel,2,
PowerSupplySystemPowersCoffeeMakerAssembly,UsedFor,0.8222,1.0,0.6444,wup+bert,powers,,,power | supply | system | powers | coffee | maker | assembly,CoffeeMakerAssembly + PowerSupplySystem,2,
PreInfusionInGroupHead,AtLocation,1.0,0.0,1.0,spatial_prep,,in,,pre | infusion | in | group | head,GroupHead + PreInfusionChamber,2,
PreparationZoneIncludesAccessoryRole,HasA,0.8471,1.0,0.6943,wup+bert,includes,,,preparation | zone | includes | accessory | role,AccessoryRole + PreparationZone,2,
PreparationZoneIncludesEquipmentRole,HasA,0.8471,1.0,0.6943,wup+bert,includes,,,preparation | zone | includes | equipment | role,EquipmentRole + PreparationZone,2,
PreparationZoneIncludesStorageRole,HasA,0.8471,1.0,0.6943,wup+bert,includes,,,preparation | zone | includes | storage | role,PreparationZone + StorageRole,2,
PrimingSugarContainerStoredAdjacentToBottleSet,ReceivesAction,0.3639,0.5714,0.1564,wup+bert,stored,to,,priming | sugar | container | stored | adjacent | to | bottle | set,BottleSet + PrimingSugarContainer,2,YES
PrinterInComputerLab,AtLocation,1.0,0.0,1.0,spatial_prep,,in,,printer | in | computer | lab,ComputerLab + Printer,2,
PrinterInRoom,AtLocation,1.0,0.0,1.0,spatial_prep,,in,,printer | in | room,Printer + Room,2,
ProbeOnController,AtLocation,1.0,0.0,1.0,spatial_prep,,on,,probe | on | controller,TemperatureController + TemperatureProbe,2,
ProceduralClusterContainsProcedureSuite,PartOf,0.7976,1.0,0.5952,wup+bert,contains,,,procedural | cluster | contains | procedure | suite,ProceduralCluster + ProcedureSuite,2,
ProcedureDiagnosticTest,IsA,0.475,0.8,0.15,wup+bert,,,,procedure | diagnostic | test,DiagnosticTest + MedicalProcedure,1,YES
ProcedureImagingRequest,MadeOf,0.3639,0.5714,0.1563,wup+bert,imaging,,,procedure | imaging | request,ImagingRequest + MedicalProcedure,1,YES
ProgramAccreditation,CapableOf,0.5203,0.8571,0.1834,wup+bert,,,,program | accreditation,AcademicProgram + Accreditation,1,
ProgramCapstone,CapableOf,0.5529,0.8571,0.2487,wup+bert,,,,program | capstone,AcademicProgram + Capstone,1,
ProgramConcentration,CapableOf,0.5452,0.8571,0.2333,wup+bert,,,,program | concentration,AcademicProgram + Concentration,1,
ProgramCurriculum,CapableOf,0.543,0.8571,0.2288,wup+bert,,,,program | curriculum,AcademicProgram + Curriculum,1,
ProgramDegreeRequirement,HasPrerequisite,0.5438,1.0,0.0877,wup+bert,,,,program | degree | requirement,AcademicProgram + DegreeRequirement,1,
ProgramInDepartment,AtLocation,1.0,0.0,1.0,spatial_prep,,in,,program | in | department,AcademicProgram + Department,2,
ProgramRequiresCourse,HasPrerequisite,0.8797,1.0,0.7594,wup+bert,requires,,,program | requires | course,Course + Program,2,
ProgressEvaluationProducesCredential,Causes,0.7887,1.0,0.5774,wup+bert,produces,,,progress | evaluation | produces | credential,Credential + ProgressEvaluation,2,
ProjectEthicsReview,AtLocation,0.3888,0.6667,0.1109,wup+bert,review,,,project | ethics | review,EthicsReview + ResearchProject,1,YES
ProjectGrant,UsedFor,0.5089,0.6667,0.3511,wup+bert,,,,project | grant,Grant + ResearchProject,1,
ProjectPatent,Causes,0.4582,0.6667,0.2497,wup+bert,,,,project | patent,Patent + ResearchProject,1,YES
ProjectPublication,Causes,0.4714,0.6667,0.2762,wup+bert,,,,project | publication,Publication + ResearchProject,1,YES
ProjectResearcher,Causes,0.4782,0.6667,0.2897,wup+bert,,,,project | researcher,ResearchProject + Researcher,1,YES
ProjectorInClassroom,AtLocation,1.0,0.0,1.0,spatial_prep,,in,,projector | in | classroom,Classroom + Projector,2,
ProtocolQualityMetric,UsedFor,0.4653,0.8333,0.0972,wup+bert,,,,protocol | quality | metric,ClinicalProtocol + QualityMetric,1,YES
PumpConnectsVessels,Connects,0.746,1.0,0.4919,wup+bert,connects,,,pump | connects | vessels,BrewPump + MashTun,2,
PumpDrawsFromBoiler,MadeOf,0.5779,0.8571,0.2987,wup+bert,draws,from,,pump | draws | from | boiler,Boiler + PumpAssembly,2,
PumpPressuresGroupHead,UsedFor,0.5717,0.8571,0.2862,wup+bert,pressures,,,pump | pressures | group | head,GroupHead + PumpAssembly,4,
PumpRecirculatesMash,RelatedTo,0.2084,0.0,0.4167,fallback,,,,pump | recirculates | mash,BrewPump + MashTun,4,YES
PumpTransfersWort,AtLocation,0.4131,0.6667,0.1596,wup+bert,transfers | wort,,,pump | transfers | wort,BrewKettle + BrewPump,2,YES
PurifierServesRoom,UsedFor,0.7834,1.0,0.5668,wup+bert,serves,,,purifier | serves | room,AirPurifier + Room,2,
QDConnectsTubing,Connects,0.7076,1.0,0.4152,wup+bert,connects,,,qd | connects | tubing,QuickDisconnect + SiliconeTubing,2,
QDOnTubing,Causes,0.4249,0.5,0.3499,wup+bert,,on,,qd | on | tubing,QuickDisconnect + SiliconeTubing,2,YES
ROSuppliesHLT,UsedFor,0.7219,1.0,0.4438,wup+bert,supplies | hlt,,,ro | supplies | hlt,HotLiquorTank + ROSystem,2,
RearCornerModuleContainsBrakeModule,PartOf,0.7976,1.0,0.5952,wup+bert,contains,,,rear | corner | module | contains | brake | module,BrakeModule + RearCornerModule,2,
RearCornerModuleContainsSuspensionModule,PartOf,0.7976,1.0,0.5952,wup+bert,contains,,,rear | corner | module | contains | suspension | module,RearCornerModule + SuspensionModule,2,
RearCornerModuleContainsWheelTireModule,PartOf,0.7976,1.0,0.5952,wup+bert,contains,,,rear | corner | module | contains | wheel | tire | module,RearCornerModule + WheelTireModule,2,
RecreationITServices,UsedFor,0.6852,1.0,0.3704,wup+bert,services,,,recreation | it | services,ITServices + RecreationCenter,1,
RegistrationAppliesToCourseSection,HasPrerequisite,0.6387,0.7692,0.5082,wup+bert,applies,to,,registration | applies | to | course | section,CourseSection + Registration,2,
RegulatorPressuresKeg,UsedFor,0.5717,0.8571,0.2862,wup+bert,pressures,,,regulator | pressures | keg,CO2Regulator + Keg,2,
RegulatorToManifold,PartOf,0.3436,0.0,0.3436,wup+bert,,to,,regulator | to | manifold,CO2Regulator + GasManifold,4,YES
ResearchLabInRoom,AtLocation,1.0,0.0,1.0,spatial_prep,,in,,research | lab | in | room,ResearchLab + Room,2,
ReservoirFeedsBoiler,UsedFor,0.7558,1.0,0.5115,wup+bert,feeds,,,reservoir | feeds | boiler,Boiler + WaterReservoir,4,
ReservoirFeedsDripMachine,UsedFor,0.6992,1.0,0.3984,wup+bert,feeds,,,reservoir | feeds | drip | machine,DripBrewMachine + WaterReservoir,2,
ReservoirFeedsEspressoMachine,UsedFor,0.7558,1.0,0.5115,wup+bert,feeds,,,reservoir | feeds | espresso | machine,EspressoMachine + WaterReservoir,2,
ReservoirFeedsThermoblock,UsedFor,0.7558,1.0,0.5115,wup+bert,feeds,,,reservoir | feeds | thermoblock,Thermoblock + WaterReservoir,2,
ResidenceHallIsBuilding,HasPrerequisite,0.7964,1.0,0.5929,wup+bert,is,,,residence | hall | is | building,Building + ResidenceHall,2,
ResultAttributedToStudent,HasA,0.6631,1.0,0.3263,wup+bert,attributed,to,,result | attributed | to | student,Result + Student,2,
RingOnPiston,AtLocation,1.0,0.0,1.0,spatial_prep,,on,,ring | on | piston,Piston + PistonRing,2,
RodLinksPistonToCrankshaft,Connects,0.7108,1.0,0.4216,wup+bert,links,to,,rod | links | piston | to | crankshaft,ConnectingRod + Crankshaft + Piston,2,
RoomContainsCamera,PartOf,0.7976,1.0,0.5952,wup+bert,contains,,,room | contains | camera,Camera + Room,2,
RoomContainsDoorLock,PartOf,0.7976,1.0,0.5952,wup+bert,contains,,,room | contains | door | lock,DoorLock + Room,2,
RoomContainsLightingFixture,PartOf,0.7976,1.0,0.5952,wup+bert,contains,,,room | contains | lighting | fixture,LightingFixture + Room,2,
RoomContainsMotionSensor,PartOf,0.7976,1.0,0.5952,wup+bert,contains,,,room | contains | motion | sensor,MotionSensor + Room,2,
RoomContainsSpeakerDisplay,PartOf,0.7976,1.0,0.5952,wup+bert,contains,,,room | contains | speaker | display,Room + SpeakerDisplay,2,
RoomContainsThermostat,PartOf,0.7976,1.0,0.5952,wup+bert,contains,,,room | contains | thermostat,Room + Thermostat,2,
RoomContainsWindowShade,PartOf,0.7976,1.0,0.5952,wup+bert,contains,,,room | contains | window | shade,Room + WindowShade,2,
RoomHostsAdvisingSession,Connects,0.492,0.4444,0.5396,wup+bert,hosts,,,room | hosts | advising | session,AdvisingSession + Room,2,YES
RoomHostsClassMeeting,Connects,0.492,0.4444,0.5396,wup+bert,hosts,,,room | hosts | class | meeting,ClassMeeting + Room,2,YES
RoomInBuilding,AtLocation,1.0,0.0,1.0,spatial_prep,,in,,room | in | building,Building + Room,2,
RoomInZone,AtLocation,1.0,0.0,1.0,spatial_prep,,in,,room | in | zone,Room + Zone,2,
RoomOnFloor,AtLocation,1.0,0.0,1.0,spatial_prep,,on,,room | on | floor,Floor + Room,4,
RotorOnHub,AtLocation,1.0,0.0,1.0,spatial_prep,,on,,rotor | on | hub,BrakeRotor + WheelHub,2,
RoundClinicalNote,ReceivesAction,0.6072,1.0,0.2145,wup+bert,,,,round | clinical | note,ClinicalNote + PatientRound,1,
SafetyEquipmentInLab,AtLocation,1.0,0.0,1.0,spatial_prep,,in,,safety | equipment | in | lab,Laboratory + SafetyEquipment,2,
SafetyValveOnMoka,AtLocation,1.0,0.0,1.0,spatial_prep,,on,,safety | valve | on | moka,MokaBottomChamber + MokaSafetyValve,2,
SanitationSupplyServesFermenter,UsedFor,0.7834,1.0,0.5668,wup+bert,serves,,,sanitation | supply | serves | fermenter,Fermenter + SanitationSupply,2,
SanitizerBottleServesFermentationBucket,UsedFor,0.7834,1.0,0.5668,wup+bert,serves,,,sanitizer | bottle | serves | fermentation | bucket,FermentationBucket + SanitizerBottle,2,
SanitizerBottleServesKettle,UsedFor,0.7834,1.0,0.5668,wup+bert,serves,,,sanitizer | bottle | serves | kettle,Kettle + SanitizerBottle,2,
SatellitePharmacyServesUnit,UsedFor,0.7834,1.0,0.5668,wup+bert,serves,,,satellite | pharmacy | serves | unit,NursingUnit + SatellitePharmacy,4,
ScaleUnderCup,AtLocation,1.0,0.0,1.0,spatial_prep,,under,,scale | under | cup,CoffeeScale + EspressoCup,6,
ScaleUnderDripper,AtLocation,1.0,0.0,1.0,spatial_prep,,under,,scale | under | dripper,CoffeeScale + CoffeeServer,2,
ScaleUnderServer,AtLocation,1.0,0.0,1.0,spatial_prep,,under,,scale | under | server,CoffeeScale + CoffeeServer,4,
ScreenInClassroom,AtLocation,1.0,0.0,1.0,spatial_prep,,in,,screen | in | classroom,Classroom + DisplayScreen,2,
ScreenInGroupHead,AtLocation,1.0,0.0,1.0,spatial_prep,,in,,screen | in | group | head,DispersionScreen + GroupHead,2,
SeamerSealsCan,Connects,0.583,0.8333,0.3326,wup+bert,seals,,,seamer | seals | can,BeerCan + CanSeamer,4,
SeatingAreaAccommodatesConsumer,UsedFor,0.683,0.8571,0.5088,wup+bert,accommodates,,,seating | area | accommodates | consumer,Consumer + SeatingArea,2,
SeatingRoleAccommodatesConsumerRole,UsedFor,0.683,0.8571,0.5088,wup+bert,accommodates,,,seating | role | accommodates | consumer | role,ConsumerRole + SeatingRole,2,
SectionInLab,AtLocation,1.0,0.0,1.0,spatial_prep,,in,,section | in | lab,CourseSection + ResearchLab,2,
SectionInTerm,AtLocation,1.0,0.0,1.0,spatial_prep,,in,,section | in | term,AcademicTerm + CourseSection,4,
SectionMeetsInClassroom,CapableOf,0.6111,0.8571,0.3652,wup+bert,meets,in,,section | meets | in | classroom,Classroom + CourseSection,4,
SectionMeetsInLab,CapableOf,0.5788,0.8571,0.3005,wup+bert,meets,in,,section | meets | in | lab,CourseSection + Laboratory,2,
SectionMeetsInLectureHall,CapableOf,0.6111,0.8571,0.3652,wup+bert,meets,in,,section | meets | in | lecture | hall,CourseSection + LectureHall,2,
SectionMeetsInRoom,CapableOf,0.6111,0.8571,0.3652,wup+bert,meets,in,,section | meets | in | room,CourseSection + Room,2,
SectionMeetsInSpace,CapableOf,0.6111,0.8571,0.3652,wup+bert,meets,in,,section | meets | in | space,CourseSection + InstructionalSpace,2,
SectionOfCourse,HasPrerequisite,0.4351,0.0,0.4351,wup+bert,,of,,section | of | course,Course + CourseSection,4,YES
SectionOnLMS,AtLocation,1.0,0.0,1.0,spatial_prep,,on,,section | on | lms,CourseSection + LearningManagementSystem,2,
SectionOnPlatform,AtLocation,1.0,0.0,1.0,spatial_prep,,on,,section | on | platform,CourseSection + SoftwarePlatform,2,
SecurityPanelControlsSiren,CapableOf,0.7714,1.0,0.5429,wup+bert,controls,,,security | panel | controls | siren,SecurityPanel + SmartSiren,4,
SecurityPanelManagesSensor,CapableOf,0.8129,1.0,0.6259,wup+bert,manages,,,security | panel | manages | sensor,DoorWindowSensor + SecurityPanel,2,
SecurityPanelManagesSensors,CapableOf,0.6594,1.0,0.3189,wup+bert,manages,,,security | panel | manages | sensors,DoorWindowSensor + SecurityPanel,2,
SecurityStateTriggersNotification,Causes,0.8278,1.0,0.6557,wup+bert,triggers,,,security | state | triggers | notification,Notification + SecurityState,2,
SecuritySystemMonitorsZone,ReceivesAction,0.6774,1.0,0.3549,wup+bert,monitors,,,security | system | monitors | zone,SecuritySystem + Zone,2,
SensorDeployedInRoom,AtLocation,0.6128,0.6667,0.5589,wup+bert,deployed,in,,sensor | deployed | in | room,Room + TemperatureSensor,2,
SensorGroupObservesEnergyState,ReceivesAction,0.8298,1.0,0.6596,wup+bert,observes,,,sensor | group | observes | energy | state,EnergyState + SensorGroup,2,
SensorGroupObservesEnvironmentalState,ReceivesAction,0.8298,1.0,0.6596,wup+bert,observes,,,sensor | group | observes | environmental | state,EnvironmentalState + SensorGroup,2,
SensorGroupObservesOccupancyState,ReceivesAction,0.8298,1.0,0.6596,wup+bert,observes,,,sensor | group | observes | occupancy | state,OccupancyState + SensorGroup,2,
SensorGroupObservesSecurityState,ReceivesAction,0.8298,1.0,0.6596,wup+bert,observes,,,sensor | group | observes | security | state,SecurityState + SensorGroup,2,
ServerPoursToCup,UsedFor,0.5886,0.8571,0.3201,wup+bert,pours | cup,to,,server | pours | to | cup,CoffeeMug + CoffeeServer,6,
ServerRackSupportsNurseCallPanel,UsedFor,0.6061,0.6667,0.5456,wup+bert,supports,,,server | rack | supports | nurse | call | panel,NurseCallPanel + ServerRack,2,
ServiceRoleIncludesServingVesselRole,HasA,0.8471,1.0,0.6943,wup+bert,includes,,,service | role | includes | serving | vessel | role,ServiceRole + ServingVesselRole,2,
ServiceUnitServesPerson,UsedFor,0.7834,1.0,0.5668,wup+bert,serves,,,service | unit | serves | person,Person + ServiceUnit,2,
ServingContextContainsCarafe,PartOf,0.7976,1.0,0.5952,wup+bert,contains,,,serving | context | contains | carafe,Carafe + ServingContext,2,
ServingContextContainsCup,PartOf,0.7976,1.0,0.5952,wup+bert,contains,,,serving | context | contains | cup,Cup + ServingContext,2,
ShaftToDifferentialInput,CapableOf,0.3203,0.0,0.3203,wup+bert,,to,,shaft | to | differential | input,Differential + PropellerShaft,2,YES
ShowerHeadDistributes,UsedFor,0.6301,0.8,0.4602,wup+bert,distributes,,,shower | head | distributes,BrewBasket + ShowerHead,2,
ShuttleVehicleOnRoute,AtLocation,1.0,0.0,1.0,spatial_prep,,on,,shuttle | vehicle | on | route,ShuttleRoute + ShuttleVehicle,2,
SightGlassOnTubing,AtLocation,1.0,0.0,1.0,spatial_prep,,on,,sight | glass | on | tubing,SightGlass + SiliconeTubing,2,
SiphonTransfers,AtLocation,0.4419,0.6667,0.2171,wup+bert,transfers,,,siphon | transfers,AutoSiphon + Fermenter,2,YES
SiphonTransfersLiquid,HasA,0.4512,0.7273,0.1751,wup+bert,transfers | liquid,,,siphon | transfers | liquid,AutoSiphon + Fermenter,2,YES
SmartPlugMonitoredByMeter,ReceivesAction,0.8521,1.0,0.7041,wup+bert,monitored,by,,smart | plug | monitored | by | meter,SmartEnergyMeter + SmartPlug,2,
SmartPlugOnCircuit,AtLocation,1.0,0.0,1.0,spatial_prep,,on,,smart | plug | on | circuit,SmartCircuitBreaker + SmartPlug,2,
SmartPlugPowersAppliance,UsedFor,0.8222,1.0,0.6444,wup+bert,powers,,,smart | plug | powers | appliance,Appliance + SmartPlug,2,
SmokeDetectorInRoom,AtLocation,1.0,0.0,1.0,spatial_prep,,in,,smoke | detector | in | room,Room + SmokeDetector,2,
SmokeDetectorTriggersSiren,Causes,0.8278,1.0,0.6557,wup+bert,triggers,,,smoke | detector | triggers | siren,SmartSiren + SmokeDetector,2,
SmokeTriggersSiren,Causes,0.8278,1.0,0.6557,wup+bert,triggers,,,smoke | triggers | siren,SmartSiren + SmokeDetector,2,
SolarArrayToInverter,UsedFor,0.3473,0.0,0.3473,wup+bert,,to,,solar | array | to | inverter,SolarArray + SolarInverter,2,YES
SolarOnBuilding,AtLocation,1.0,0.0,1.0,spatial_prep,,on,,solar | on | building,Building + SolarInstallation,2,
SolarPanelChargesBattery,CapableOf,0.4321,0.5,0.3642,wup+bert,charges,,,solar | panel | charges | battery,HomeBattery + SolarPanel,2,YES
SolarPanelToInverter,UsedFor,0.3473,0.0,0.3473,wup+bert,,to,,solar | panel | to | inverter,SolarInverter + SolarPanel,2,YES
SolenoidControlsFlow,CapableOf,0.6695,1.0,0.339,wup+bert,controls | flow,,,solenoid | controls | flow,GroupHead + Solenoid,2,
SpargeArmOnMashTun,AtLocation,1.0,0.0,1.0,spatial_prep,,on,,sparge | arm | on | mash | tun,MashTun + SpargeArm,4,
SparkPlugInCylinder,AtLocation,1.0,0.0,1.0,spatial_prep,,in,,spark | plug | in | cylinder,Cylinder + SparkPlug,2,
SpeakerInAudioGroup,AtLocation,1.0,0.0,1.0,spatial_prep,,in,,speaker | in | audio | group,AudioReceiver + SmartSpeaker,4,
SpeakerInRoom,AtLocation,1.0,0.0,1.0,spatial_prep,,in,,speaker | in | room,Room + SmartSpeaker,4,
SpigotOnFermenter,AtLocation,1.0,0.0,1.0,spatial_prep,,on,,spigot | on | fermenter,Fermenter + Spigot,2,
SportsTeamUseFacility,HasPrerequisite,0.5243,0.5,0.5485,wup+bert,,,,sports | team | use | facility,AthleticFacility + SportsTeam,2,
SpoutDispensesToCup,UsedFor,0.5256,0.6667,0.3845,wup+bert,dispenses,to,,spout | dispenses | to | cup,EspressoCup + PortafilterSpout,2,
SpoutOnPortafilter,AtLocation,1.0,0.0,1.0,spatial_prep,,on,,spout | on | portafilter,Portafilter + PortafilterSpout,2,
StabilityModulatesBraking,Causes,0.7821,1.0,0.5642,wup+bert,modulates,,,stability | modulates | braking,BrakingHardware + StabilitySystem,2,
StaffInDepartment,AtLocation,1.0,0.0,1.0,spatial_prep,,in,,staff | in | department,Department + StaffMember,4,
StaffMemberSupportsStudentServicesSystem,UsedFor,0.6061,0.6667,0.5456,wup+bert,supports,,,staff | member | supports | student | services | system,StaffMember + StudentServicesSystem,2,
StaffWorksInOffice,UsedFor,0.6516,0.8571,0.4461,wup+bert,works,in,,staff | works | in | office,AdministrativeOffice + StaffMember,2,
StandaloneFrotherFrothsMilk,Connects,0.3325,0.4,0.265,wup+bert,froths,,,standalone | frother | froths | milk,MilkFrother + MilkPitcher,2,YES
StarterEngagesFlywheel,Causes,0.5053,0.5,0.5105,wup+bert,engages,,,starter | engages | flywheel,Flywheel + StarterMotor,4,
StarterFlaskOnStirPlate,AtLocation,1.0,0.0,1.0,spatial_prep,,on,,starter | flask | on | stir | plate,StirPlate + YeastStarterFlask,2,
StarterMotorToEngineCranking,UsedFor,0.5177,0.0,0.5177,wup+bert,,to,,starter | motor | to | engine | cranking,Engine + StarterMotor,2,
StartupIndustryPartner,UsedFor,0.557,0.8571,0.2568,wup+bert,,,,startup | industry | partner,IndustryPartner + Startup,1,
SteamWandFrothsMilk,Connects,0.3894,0.4,0.3787,wup+bert,froths,,,steam | wand | froths | milk,MilkPitcher + SteamWand,6,YES
SteeringActuatesKnuckle,Causes,0.7409,1.0,0.4818,wup+bert,actuates,,,steering | actuates | knuckle,SteeringKnuckle + SteeringMechanism,2,
SteeringRackOrientsWheel,CapableOf,0.5275,0.6667,0.3883,wup+bert,orients,,,steering | rack | orients | wheel,SteeringRack + Wheel,2,
SteeringRackToWheelLinkage,UsedFor,0.42,0.0,0.42,wup+bert,,to,,steering | rack | to | wheel | linkage,SteeringRack + Wheel,2,YES
SteeringRackTurnsHubs,Connects,0.3935,0.4,0.3869,wup+bert,turns,,,steering | rack | turns | hubs,SteeringRack + WheelHub,2,YES
SteeringWheelToRack,Connects,0.4801,0.0,0.4801,wup+bert,,to,,steering | wheel | to | rack,SteeringRack + SteeringWheel,2,YES
SterileProcessingServesOR,UsedFor,0.7641,1.0,0.5283,wup+bert,serves,,,sterile | processing | serves | or,OperatingRoom + SterileProcessingUnit,2,
SterilizationUnitSupportsProcedureSuite,UsedFor,0.6061,0.6667,0.5456,wup+bert,supports,,,sterilization | unit | supports | procedure | suite,ProcedureSuite + SterilizationUnit,2,
StopOnRoute,AtLocation,1.0,0.0,1.0,spatial_prep,,on,,stop | on | route,ShuttleRoute + ShuttleStop,2,
StopperContainsAirlock,PartOf,0.7976,1.0,0.5952,wup+bert,contains,,,stopper | contains | airlock,Airlock + Stopper,2,
StopperOnFermenter,AtLocation,1.0,0.0,1.0,spatial_prep,,on,,stopper | on | fermenter,Fermenter + Stopper,2,
StorageRoleHoldsSupplyRole,HasA,0.7729,1.0,0.5457,wup+bert,holds,,,storage | role | holds | supply | role,StorageRole + SupplyRole,2,
StorageSystemContainsBeanContainer,PartOf,0.7976,1.0,0.5952,wup+bert,contains,,,storage | system | contains | bean | container,BeanContainer + StorageSystem,2,
StorageSystemContainsFilterContainer,PartOf,0.7976,1.0,0.5952,wup+bert,contains,,,storage | system | contains | filter | container,FilterContainer + StorageSystem,2,
StreamingDeviceToTV,UsedFor,0.4587,0.0,0.4587,wup+bert,,to,,streaming | device | to | tv,SmartTV + StreamingDevice,4,YES
StructuralBaySupportsAirHandlingTerminal,UsedFor,0.6061,0.6667,0.5456,wup+bert,supports,,,structural | bay | supports | air | handling | terminal,AirHandlingTerminal + StructuralBay,2,
StructuralBaySupportsCircuitBreakerPanel,UsedFor,0.6061,0.6667,0.5456,wup+bert,supports,,,structural | bay | supports | circuit | breaker | panel,CircuitBreakerPanel + StructuralBay,2,
StructuralBaySupportsDoorAssembly,UsedFor,0.6061,0.6667,0.5456,wup+bert,supports,,,structural | bay | supports | door | assembly,DoorAssembly + StructuralBay,2,
StructuralBaySupportsEquipmentBoom,UsedFor,0.6061,0.6667,0.5456,wup+bert,supports,,,structural | bay | supports | equipment | boom,EquipmentBoom + StructuralBay,2,
StructuralBaySupportsHandwashSink,UsedFor,0.6061,0.6667,0.5456,wup+bert,supports,,,structural | bay | supports | handwash | sink,HandwashSink + StructuralBay,2,
StructuralBaySupportsImagingMachine,UsedFor,0.6061,0.6667,0.5456,wup+bert,supports,,,structural | bay | supports | imaging | machine,ImagingMachine + StructuralBay,2,
StructuralBaySupportsMedicalGasPanel,UsedFor,0.6061,0.6667,0.5456,wup+bert,supports,,,structural | bay | supports | medical | gas | panel,MedicalGasPanel + StructuralBay,2,
StructuralBaySupportsNurseCallPanel,UsedFor,0.6061,0.6667,0.5456,wup+bert,supports,,,structural | bay | supports | nurse | call | panel,NurseCallPanel + StructuralBay,2,
StructuralBaySupportsPatientMonitorMount,UsedFor,0.6061,0.6667,0.5456,wup+bert,supports,,,structural | bay | supports | patient | monitor | mount,PatientMonitorMount + StructuralBay,2,
StructuralBaySupportsServerRack,UsedFor,0.6061,0.6667,0.5456,wup+bert,supports,,,structural | bay | supports | server | rack,ServerRack + StructuralBay,2,
StructuralBaySupportsSterileCabinet,UsedFor,0.6061,0.6667,0.5456,wup+bert,supports,,,structural | bay | supports | sterile | cabinet,SterileCabinet + StructuralBay,2,
StructuralBaySupportsSurgicalLight,UsedFor,0.6061,0.6667,0.5456,wup+bert,supports,,,structural | bay | supports | surgical | light,StructuralBay + SurgicalLight,2,
StructuralBaySupportsWasteBin,UsedFor,0.6061,0.6667,0.5456,wup+bert,supports,,,structural | bay | supports | waste | bin,StructuralBay + WasteBin,2,
StrutOnControlArm,AtLocation,1.0,0.0,1.0,spatial_prep,,on,,strut | on | control | arm,ControlArm + SuspensionStrut + WheelHub,2,
StudentCompletesAssessment,Causes,0.6646,0.8889,0.4403,wup+bert,completes,,,student | completes | assessment,Assessment + Student,2,
StudentCreatesRegistration,MadeOf,0.7881,1.0,0.5762,wup+bert,creates,,,student | creates | registration,Registration + Student,2,
StudentEnrolledInProgram,ReceivesAction,0.5237,0.8,0.2474,wup+bert,enrolled,in,,student | enrolled | in | program,AcademicProgram + Student; Program + Student,8,
StudentEvaluatedByProgressEvaluation,ReceivesAction,0.6714,1.0,0.3428,wup+bert,evaluated,by,,student | evaluated | by | progress | evaluation,ProgressEvaluation + Student,2,
StudentHasMealPlan,HasA,0.8565,1.0,0.713,wup+bert,has,,,student | has | meal | plan,MealPlan + Student,6,
StudentHasParkingPermit,HasA,0.8565,1.0,0.713,wup+bert,has,,,student | has | parking | permit,ParkingPermit + Student,2,
StudentHasPermit,HasA,0.8565,1.0,0.713,wup+bert,has,,,student | has | permit,ParkingPermit + Student,2,
StudentInOrganization,AtLocation,1.0,0.0,1.0,spatial_prep,,in,,student | in | organization,Student + StudentOrganization,6,
StudentOnTeam,AtLocation,1.0,0.0,1.0,spatial_prep,,on,,student | on | team,SportsTeam + Student,4,
StudentParticipatesInLearningActivity,Causes,0.5163,0.5,0.5325,wup+bert,participates,in,,student | participates | in | learning | activity,LearningActivity + Student,2,
StudentReceivesScholarship,ReceivesAction,0.7295,1.0,0.459,wup+bert,receives,,,student | receives | scholarship,Scholarship + Student,6,
StudentRegisteredInSection,ReceivesAction,0.6347,1.0,0.2695,wup+bert,registered,in,,student | registered | in | section,CourseSection + Student,6,
StudentResidingInDorm,AtLocation,0.7268,0.875,0.5786,wup+bert,,in,,student | residing | in | dorm,DormRoom + Student,6,
StudentTakesCourse,CapableOf,0.752,1.0,0.5039,wup+bert,takes,,,student | takes | course,Course + Student,2,
StudyRoomInLibrary,AtLocation,1.0,0.0,1.0,spatial_prep,,in,,study | room | in | library,LibraryBranch + StudyRoom,2,
SupportClusterContainsBackupGenerator,PartOf,0.7976,1.0,0.5952,wup+bert,contains,,,support | cluster | contains | backup | generator,BackupGenerator + SupportCluster,2,
SupportClusterContainsCentralSupplyArea,PartOf,0.7976,1.0,0.5952,wup+bert,contains,,,support | cluster | contains | central | supply | area,CentralSupplyArea + SupportCluster,2,
SupportClusterContainsElevatorBank,PartOf,0.7976,1.0,0.5952,wup+bert,contains,,,support | cluster | contains | elevator | bank,ElevatorBank + SupportCluster,2,
SupportClusterContainsITCloset,PartOf,0.7976,1.0,0.5952,wup+bert,contains,,,support | cluster | contains | it | closet,ITCloset + SupportCluster,2,
SupportClusterContainsSterilizationUnit,PartOf,0.7976,1.0,0.5952,wup+bert,contains,,,support | cluster | contains | sterilization | unit,SterilizationUnit + SupportCluster,2,
SupportClusterContainsWaterTreatmentUnit,PartOf,0.7976,1.0,0.5952,wup+bert,contains,,,support | cluster | contains | water | treatment | unit,SupportCluster + WaterTreatmentUnit,2,
SurgeonOperatesInOR,UsedFor,0.7027,1.0,0.4055,wup+bert,operates,in,,surgeon | operates | in | or,OperatingRoom + Surgeon,4,
SurgeryRecovery,Causes,0.4793,0.8,0.1587,wup+bert,,,,surgery | recovery,Recovery + Surgery,1,YES
SurgeryRobotTable,AtLocation,0.5122,0.75,0.2744,wup+bert,,,,surgery | robot | table,SurgicalRobot + SurgicalTable,1,
SurgicalLightInOR,AtLocation,1.0,0.0,1.0,spatial_prep,,in,,surgical | light | in | or,OperatingRoom + SurgicalLight,2,
SurgicalTableInOR,AtLocation,1.0,0.0,1.0,spatial_prep,,in,,surgical | table | in | or,OperatingRoom + SurgicalTable,2,
SuspensionAssemblySupportsWheel,UsedFor,0.6061,0.6667,0.5456,wup+bert,supports,,,suspension | assembly | supports | wheel,SuspensionAssembly + Wheel,2,
SuspensionMountsToBody,AtLocation,0.6454,1.0,0.2908,wup+bert,mounts,to,,suspension | mounts | to | body,Chassis + SuspensionUnit,2,
SuspensionSupportsWheelAssembly,UsedFor,0.6061,0.6667,0.5456,wup+bert,supports,,,suspension | supports | wheel | assembly,SuspensionUnit + WheelAssembly,2,
SuspensionToWheelAttachment,UsedFor,0.42,0.0,0.42,wup+bert,,to,,suspension | to | wheel | attachment,Suspension + Wheel,2,YES
SwayBarLinksHubs,Connects,0.7402,1.0,0.4803,wup+bert,links,,,sway | bar | links | hubs,SwayBar + WheelHub,2,
SwitchConnectsToRouter,Connects,0.8784,1.0,0.7569,wup+bert,connects,to,,switch | connects | to | router,NetworkSwitch + SmartRouter,2,
SwitchControlsBulb,CapableOf,0.7714,1.0,0.5429,wup+bert,controls,,,switch | controls | bulb,SmartBulb + SmartLightSwitch,2,
SwitchControlsFixture,CapableOf,0.7714,1.0,0.5429,wup+bert,controls,,,switch | controls | fixture,SmartLightFixture + SmartLightSwitch,2,
SwitchInBuilding,AtLocation,1.0,0.0,1.0,spatial_prep,,in,,switch | in | building,Building + NetworkSwitch,4,
TAAssistsSection,CapableOf,0.3721,0.4,0.3441,wup+bert,assists,,,ta | assists | section,CourseSection + TeachingAssistant,4,YES
TAIsStudent,HasPrerequisite,0.6585,1.0,0.317,wup+bert,is,,,ta | is | student,Student + TeachingAssistant,4,
TVInRoom,AtLocation,1.0,0.0,1.0,spatial_prep,,in,,tv | in | room,Room + SmartTV,4,
TamperCompressesBasket,MadeOf,0.349,0.3333,0.3647,wup+bert,compresses,,,tamper | compresses | basket,FilterBasket + Tamper,2,YES
TapHandleOnTap,AtLocation,1.0,0.0,1.0,spatial_prep,,on,,tap | handle | on | tap,BeerTap + TapHandle,2,
TapOnKegerator,AtLocation,1.0,0.0,1.0,spatial_prep,,on,,tap | on | kegerator,BeerTap + Kegerator,2,
TeamUseFacility,HasPrerequisite,0.5243,0.5,0.5485,wup+bert,,,,team | use | facility,AthleticFacility + SportsTeam,2,
TeamUsesFacility,HasPrerequisite,0.5265,0.5,0.5531,wup+bert,uses,,,team | uses | facility,AthleticFacility + SportsTeam,2,
TechTransferIndustryPartner,UsedFor,0.5058,0.8571,0.1545,wup+bert,,,,tech | transfer | industry | partner,IndustryPartner + TechTransfer,1,
TechnicianInImaging,AtLocation,1.0,0.0,1.0,spatial_prep,,in,,technician | in | imaging,ImagingCenter + Technician; ImagingSuite + Technician,6,
TechnicianInLab,AtLocation,1.0,0.0,1.0,spatial_prep,,in,,technician | in | lab,ClinicalLaboratory + Technician,6,
TechnologySystemSupportsPerson,UsedFor,0.6061,0.6667,0.5456,wup+bert,supports,,,technology | system | supports | person,Person + TechnologySystem,2,
TechnologySystemSupportsRoom,UsedFor,0.6061,0.6667,0.5456,wup+bert,supports,,,technology | system | supports | room,Room + TechnologySystem,2,
TempSensorInRoom,AtLocation,0.6423,0.875,0.4095,wup+bert,,in,,temp | sensor | in | room,Room + TemperatureSensor,2,
TermContainsCourseSection,PartOf,0.7976,1.0,0.5952,wup+bert,contains,,,term | contains | course | section,CourseSection + Term,2,
ThermometerOnVessel,AtLocation,1.0,0.0,1.0,spatial_prep,,on,,thermometer | on | vessel,MashTun + Thermometer,2,
ThermometerUsedWithKettle,Connects,0.4969,0.5,0.4938,wup+bert,used,with,,thermometer | used | with | kettle,Kettle + Thermometer,2,YES
ThermostatControlsHVAC,CapableOf,0.7714,1.0,0.5429,wup+bert,controls,,,thermostat | controls | hvac,HVACUnit + SmartThermostat,6,
ThermostatControlsHVACUnit,CapableOf,0.7714,1.0,0.5429,wup+bert,controls,,,thermostat | controls | hvac | unit,HVACUnit + Thermostat,2,
ThermostatControlsZone,CapableOf,0.7714,1.0,0.5429,wup+bert,controls,,,thermostat | controls | zone,SmartThermostat + Zone,2,
ThermostatRegulatesFlow,CapableOf,0.6355,1.0,0.271,wup+bert,regulates | flow,,,thermostat | regulates | flow,Radiator + Thermostat,2,
ThrottleToIntakeManifold,RelatedTo,0.2197,0.0,0.2197,fallback,,to,,throttle | to | intake | manifold,IntakeManifold + ThrottleBody,2,YES
TimingChainSyncsCamCrank,Connects,0.4824,0.75,0.2149,wup+bert,,,,timing | chain | syncs | cam | crank,Camshaft + Crankshaft + TimingChain,2,YES
TipOnSteamWand,AtLocation,1.0,0.0,1.0,spatial_prep,,on,,tip | on | steam | wand,SteamTip + SteamWand,2,
TireOnWheel,AtLocation,1.0,0.0,1.0,spatial_prep,,on,,tire | on | wheel,Tire + Wheel,2,
TorqueConverterCouplesEngineTransmission,Connects,0.7409,1.0,0.4818,wup+bert,couples,,,torque | converter | couples | engine | transmission,Crankshaft + TorqueConverter + Transmission,2,
TransferCaseDistributesPower,UsedFor,0.6293,0.8,0.4586,wup+bert,distributes,,,transfer | case | distributes | power,Gearbox + PropellerShaft + TransferCase,2,
TransferToolConnectsBoilKettleAndFermenter,Connects,0.8834,1.0,0.7668,wup+bert,connects,,,transfer | tool | connects | boil | kettle | and | fermenter,BoilKettle + Fermenter + TransferTool,2,
TransmissionAssemblyCoupledToDriveAxleAssembly,Connects,0.7957,1.0,0.5914,wup+bert,coupled,to,,transmission | assembly | coupled | to | drive | axle | assembly,DriveAxleAssembly + TransmissionAssembly,2,
TransmissionConnectedToDifferential,Connects,0.8664,1.0,0.7328,wup+bert,connected,to,,transmission | connected | to | differential,Differential + Transmission,2,
TransmissionToDriveshaft,UsedFor,0.4633,0.0,0.4633,wup+bert,,to,,transmission | to | driveshaft,Driveshaft + Transmission,2,YES
TransmissionToDriveshaftLink,UsedFor,0.4633,0.0,0.4633,wup+bert,,to,,transmission | to | driveshaft | link,Driveshaft + Transmission,2,YES
TreatmentMedication,Causes,0.5206,0.7273,0.3139,wup+bert,,,,treatment | medication,Medication + Treatment,1,
TreatmentSurgery,Causes,0.4841,0.7273,0.2409,wup+bert,,,,treatment | surgery,Surgery + TreatmentPlan,1,YES
TubeTerminalAtLab,AtLocation,1.0,0.0,1.0,spatial_prep,,at,,tube | terminal | at | lab,ClinicalLaboratory + PneumaticTubeTerminal,2,
TubeTerminalAtPharmacy,AtLocation,1.0,0.0,1.0,spatial_prep,,at,,tube | terminal | at | pharmacy,PharmacySpace + PneumaticTubeTerminal,2,
TubeTerminalAtStation,AtLocation,1.0,0.0,1.0,spatial_prep,,at,,tube | terminal | at | station,NurseStation + PneumaticTubeTerminal,2,
TubingConnectsComponents,Connects,0.7416,1.0,0.4832,wup+bert,connects,,,tubing | connects | components,BallValve + SiliconeTubing; QuickDisconnect + SiliconeTubing,4,
TubingConnectsVessels,Connects,0.746,1.0,0.4919,wup+bert,connects,,,tubing | connects | vessels,BallValve + SiliconeTubing,2,
TubingSetConnectsKettleAndFermentationBucket,Connects,0.8834,1.0,0.7668,wup+bert,connects,,,tubing | set | connects | kettle | and | fermentation | bucket,FermentationBucket + Kettle + TubingSet,2,
TurbochargerBoostsIntake,UsedFor,0.6305,0.8,0.4609,wup+bert,boosts,,,turbocharger | boosts | intake,IntakeManifold + Turbocharger,2,
UJointConnectsDriveshaft,Connects,0.8927,1.0,0.7855,wup+bert,connects,,,joint | connects | driveshaft,Driveshaft + UniversalJoint,2,
UPSProtectsEquipment,UsedFor,0.3008,0.2857,0.3158,wup+bert,protects,,,ups | protects | equipment,Server + UPS,2,YES
UPSProtectsServer,HasA,0.3727,0.3333,0.412,wup+bert,protects,,,ups | protects | server,Server + UPS,2,YES
UltrasoundInSuite,AtLocation,1.0,0.0,1.0,spatial_prep,,in,,ultrasound | in | suite,ImagingSuite + UltrasoundMachine,2,
UniversityContainsCollege,PartOf,0.7976,1.0,0.5952,wup+bert,contains,,,university | contains | college,College + University,2,
UniversityGovernedByGovernanceBody,CapableOf,0.7769,1.0,0.5538,wup+bert,governed,by,,university | governed | by | governance | body,GovernanceBody + University,2,
UniversityOperatesAcademicCalendar,UsedFor,0.8085,1.0,0.6169,wup+bert,operates,,,university | operates | academic | calendar,AcademicCalendar + University,2,
UsedGroundsToKnockBox,Connects,0.5134,0.75,0.2769,wup+bert,used | grounds,to,,used | grounds | to | knock | box,KnockBox + Portafilter,2,
VacuumCleansRoom,CapableOf,0.5257,0.6,0.4514,wup+bert,cleans,,,vacuum | cleans | room,RobotVacuum + Room,2,
ValveAssemblyConnectsTubingSet,Connects,0.8927,1.0,0.7855,wup+bert,connects,,,valve | assembly | connects | tubing | set,TubingSet + ValveAssembly,2,
ValveOnHLT,AtLocation,1.0,0.0,1.0,spatial_prep,,on,,valve | on | hlt,BallValve + HotLiquorTank,2,
ValveOnKettle,AtLocation,1.0,0.0,1.0,spatial_prep,,on,,valve | on | kettle,BallValve + BrewKettle,2,
ValveOnMashTun,AtLocation,1.0,0.0,1.0,spatial_prep,,on,,valve | on | mash | tun,BallValve + MashTun,2,
ValveOnVessel,AtLocation,1.0,0.0,1.0,spatial_prep,,on,,valve | on | vessel,BallValve + MashTun,2,
ValveSpringReturnsValve,HasA,0.5165,0.75,0.2831,wup+bert,returns,,,valve | spring | returns | valve,Valve + ValveSpring,2,
VehicleContainsAll,PartOf,0.7578,1.0,0.5155,wup+bert,contains,,,vehicle | contains | all,EngineBlock + Frame + Transmission + Vehicle,2,
VehicleOnRoute,AtLocation,1.0,0.0,1.0,spatial_prep,,on,,vehicle | on | route,ShuttleRoute + ShuttleVehicle,4,
VentServesRoom,UsedFor,0.7834,1.0,0.5668,wup+bert,serves,,,vent | serves | room,Room + SmartVent,6,
VentilatorInEmergency,AtLocation,1.0,0.0,1.0,spatial_prep,,in,,ventilator | in | emergency,EmergencyBay + Ventilator,2,
VentilatorInICU,AtLocation,1.0,0.0,1.0,spatial_prep,,in,,ventilator | in | icu,ICUBay + Ventilator,2,
VesselOnBrewStand,MadeOf,0.5348,0.75,0.3196,wup+bert,,on,,vessel | on | brew | stand,BrewKettle + BrewStand,4,
VideoConfInRoom,CapableOf,0.6665,0.875,0.4581,wup+bert,,in,,video | conf | in | room,Room + VideoConferenceUnit,2,
VoiceAssistantInRoom,AtLocation,1.0,0.0,1.0,spatial_prep,,in,,voice | assistant | in | room,Room + VoiceAssistantDevice,2,
WDTBreaksClumps,MadeOf,0.458,0.8571,0.0588,wup+bert,breaks | clumps,,,wdt | breaks | clumps,FilterBasket + WDTTool,2,YES
WasherCleansBottle,CapableOf,0.5257,0.6,0.4514,wup+bert,cleans,,,washer | cleans | bottle,Bottle + BottleWasher,2,
WasteHandlingUnitServesFloor,UsedFor,0.7834,1.0,0.5668,wup+bert,serves,,,waste | handling | unit | serves | floor,Floor + WasteHandlingUnit,2,
WaterFilterFeedsReservoir,UsedFor,0.7558,1.0,0.5115,wup+bert,feeds,,,water | filter | feeds | reservoir,WaterFilter + WaterReservoir,4,
WaterFilterOnSupply,AtLocation,1.0,0.0,1.0,spatial_prep,,on,,water | filter | on | supply,HotLiquorTank + WaterFilter,2,
WaterPumpCirculatesCoolant,PartOf,0.439,0.7273,0.1507,wup+bert,circulates | coolant,,,water | pump | circulates | coolant,EngineBlock + Radiator + WaterPump,2,YES
WaterSourceToChiller,UsedFor,0.3809,0.0,0.3809,wup+bert,,to,,water | source | to | chiller,WaterSource + WortChiller,2,YES
WaterSourceToHLT,CapableOf,0.5772,0.0,0.5772,wup+bert,,to,,water | source | to | hlt,HotLiquorTank + WaterSource,2,
WaterSupplySystemSuppliesCoffeeMakerAssembly,UsedFor,0.8066,1.0,0.6131,wup+bert,supplies,,,water | supply | system | supplies | coffee | maker | assembly,CoffeeMakerAssembly + WaterSupplySystem,2,
WaterTreatmentSuppliesHLT,UsedFor,0.5678,1.0,0.1357,wup+bert,supplies | hlt,,,water | treatment | supplies | hlt,CarbonFilter + HotLiquorTank,2,
WeatherStationInformsIrrigation,ReceivesAction,0.6001,0.8,0.4002,wup+bert,informs,,,weather | station | informs | irrigation,SmartIrrigationController + WeatherStation,2,
WeatherStationServesSite,UsedFor,0.7365,1.0,0.473,wup+bert,serves,,,weather | station | serves | site,OutdoorArea + WeatherStation,2,
WheelOnHub,AtLocation,1.0,0.0,1.0,spatial_prep,,on,,wheel | on | hub,Wheel + WheelHub,2,
WheelSpeedSensorMonitorsWheel,ReceivesAction,0.6774,1.0,0.3549,wup+bert,monitors,,,wheel | speed | sensor | monitors | wheel,WheelAssembly + WheelSpeedSensor,2,
WhirlpoolInKettle,AtLocation,1.0,0.0,1.0,spatial_prep,,in,,whirlpool | in | kettle,BrewKettle + WhirlpoolArm,2,
WiFiAPInBuilding,AtLocation,0.6522,0.875,0.4295,wup+bert,,in,,wi | fi | ap | in | building,Building + WiFiAccessPoint,8,
WiFiOnFloor,AtLocation,1.0,0.0,1.0,spatial_prep,,on,,wi | fi | on | floor,Floor + WiFiAccessPoint,4,
WindowCoveringInRoom,AtLocation,1.0,0.0,1.0,spatial_prep,,in,,window | covering | in | room,Room + SmartWindowCovering,2,
WorkspaceContainsCoffeeStation,PartOf,0.7976,1.0,0.5952,wup+bert,contains,,,workspace | contains | coffee | station,CoffeeStation + Workspace,2,
WorkstationAtStation,AtLocation,1.0,0.0,1.0,spatial_prep,,at,,workstation | at | station,ClinicalWorkstation + NurseStation,2,
WorkstationInExamRoom,AtLocation,1.0,0.0,1.0,spatial_prep,,in,,workstation | in | exam | room,ClinicalWorkstation + ExamRoom,2,
WorkstationInRoom,AtLocation,1.0,0.0,1.0,spatial_prep,,in,,workstation | in | room,Room + Workstation,2,
XRayInSuite,AtLocation,1.0,0.0,1.0,spatial_prep,,in,,ray | in | suite,ImagingSuite + XRayMachine,2,
YeastPacketStoredAdjacentToFermentationBucket,ReceivesAction,0.3639,0.5714,0.1564,wup+bert,stored,to,,yeast | packet | stored | adjacent | to | fermentation | bucket,FermentationBucket + YeastPacket,2,YES
